run_id,metrics_path,best_epoch,test_loss,accuracy,balanced_accuracy,f1,precision,recall_sensitivity,specificity,ece,tn,fp,fn,tp,auroc,auprc,checkpoint_path
efficientnet_b0_supervised_phash_e1,runs/efficientnet_b0_supervised_phash_e1/test_metrics.json,1,0.1124727025063051,0.9634990560100692,0.9605520587970293,0.9680616740088106,0.952329360780065,0.9843225083986562,0.9367816091954023,0.02660977916080102,652,44,14,879,0.9972326266877759,0.9982072282595414,runs/efficientnet_b0_supervised_phash_e1/best_model.pt
resnet18_supervised_exact_e1,runs/resnet18_supervised_exact_e1/test_metrics.json,1,0.0431509517585881,0.9960068454078722,0.9963880288957688,0.9963749352667012,1.0,0.9927760577915377,1.0,0.030435167672125896,784,0,7,962,0.9997051452159811,0.9997713523549028,runs/resnet18_supervised_exact_e1/best_model.pt
resnet18_supervised_phash_e1,runs/resnet18_supervised_phash_e1/test_metrics.json,1,0.03268519026573684,0.9924480805538074,0.9920132319058836,0.9932960893854749,0.9910813823857302,0.9955207166853304,0.9885057471264368,0.018289581576044718,688,8,4,889,0.9993918214464995,0.9996081596666615,runs/resnet18_supervised_phash_e1/best_model.pt
simclr_resnet18_phash_e1_linear_10pct_e1,runs/simclr_resnet18_phash_e1_linear_10pct_e1/test_metrics.json,1,0.6594322121991085,0.6387665198237885,0.6675177948539728,0.5754437869822485,0.8474945533769063,0.43561030235162373,0.8994252873563219,0.10547493157182726,626,70,504,389,0.77811458212663,0.8376789678889134,runs/simclr_resnet18_phash_e1_linear_10pct_e1/best_model.pt
vit_tiny_patch16_224_supervised_phash_e1,runs/vit_tiny_patch16_224_supervised_phash_e1/test_metrics.json,1,0.19746927580564083,0.9421019509125236,0.948488241881299,0.9456906729634003,1.0,0.896976483762598,1.0,0.03855697331271184,696,0,92,801,0.9986130954679436,0.9991158057814169,runs/vit_tiny_patch16_224_supervised_phash_e1/best_model.pt
