run_id,split,n,positive_n,negative_n,auroc,auroc_ci_low,auroc_ci_high,auroc_bootstrap_samples,auprc,auprc_ci_low,auprc_ci_high,auprc_bootstrap_samples
resnet18_supervised_phash_10pct_e10,test,1589,893,696,0.9988737434194437,0.9967278328134248,0.9999566278603466,2000,0.9994484161515635,0.9984424253199601,0.9999678473215183,2000
resnet18_supervised_phash_50pct_e5,test,1589,893,696,0.999481921972944,0.9987332250118386,1.0,2000,0.9996483219465855,0.9991509280259266,1.0,2000
simclr_resnet18_phash_e25_finetune_10pct_e10,test,1589,893,696,0.9974804031354985,0.9947222431285638,0.9993889092341677,2000,0.9985376133176171,0.9970993870830349,0.9995820482690462,2000
simclr_resnet18_phash_e25_finetune_50pct_e10,test,1589,893,696,0.9990829053558327,0.9979930795347655,0.9999144768807383,2000,0.9993938917470722,0.9986941579619111,0.9999393774611465,2000
simclr_resnet18_phash_e25_finetune_50pct_e25,test,1589,893,696,0.9991730058822773,0.9980846705970056,1.0,2000,0.9994671328277482,0.998755930269215,1.0,2000
