run_id,split,n,positive_n,negative_n,brier_score,ece,mean_probability,positive_prevalence
resnet18_supervised_phash_10pct_e10,test,1589,893,696,0.012759399483346827,0.017786435360629044,0.5793825096539926,0.5619886721208307
resnet18_supervised_phash_50pct_e5,test,1589,893,696,0.004281142127703663,0.007317424802461366,0.5549578436062508,0.5619886721208307
simclr_resnet18_phash_e25_finetune_10pct_e10,test,1589,893,696,0.023672153005433176,0.048633129107944664,0.5425418556543024,0.5619886721208307
simclr_resnet18_phash_e25_finetune_50pct_e10,test,1589,893,696,0.021494407098356347,0.012315945700397148,0.6061036353415058,0.5619886721208307
simclr_resnet18_phash_e25_finetune_50pct_e25,test,1589,893,696,0.004913454355354854,0.004893828936989161,0.563724248162904,0.5619886721208307
