{
  "clean_resize": {
    "accuracy": 0.9421019509125236,
    "balanced_accuracy": 0.948488241881299,
    "f1": 0.9456906729634003,
    "precision": 1.0,
    "recall_sensitivity": 0.896976483762598,
    "specificity": 1.0,
    "ece": 0.03855697331271184,
    "tn": 696,
    "fp": 0,
    "fn": 92,
    "tp": 801,
    "auroc": 0.9986130954679436,
    "auprc": 0.9991158057814169
  },
  "center_crop": {
    "accuracy": 0.9181875393329137,
    "balanced_accuracy": 0.9107296855491627,
    "f1": 0.9302575107296137,
    "precision": 0.8928939237899073,
    "recall_sensitivity": 0.9708846584546472,
    "specificity": 0.8505747126436781,
    "ece": 0.046178413414442974,
    "tn": 592,
    "fp": 104,
    "fn": 26,
    "tp": 867,
    "auroc": 0.9793766330720419,
    "auprc": 0.9848922722071869
  },
  "low_contrast": {
    "accuracy": 0.8439269981120201,
    "balanced_accuracy": 0.8611422172452408,
    "f1": 0.8387516254876463,
    "precision": 1.0,
    "recall_sensitivity": 0.7222844344904815,
    "specificity": 1.0,
    "ece": 0.07390622605183089,
    "tn": 696,
    "fp": 0,
    "fn": 248,
    "tp": 645,
    "auroc": 0.9978504588691096,
    "auprc": 0.9985971847346093
  },
  "high_contrast": {
    "accuracy": 0.8892385147891756,
    "balanced_accuracy": 0.9014557670772676,
    "f1": 0.8906832298136645,
    "precision": 1.0,
    "recall_sensitivity": 0.8029115341545353,
    "specificity": 1.0,
    "ece": 0.06409110848509307,
    "tn": 696,
    "fp": 0,
    "fn": 176,
    "tp": 717,
    "auroc": 0.9989863690774994,
    "auprc": 0.9993626873783794
  },
  "blur": {
    "accuracy": 0.9836375078665828,
    "balanced_accuracy": 0.9819557606415157,
    "f1": 0.9855875831485588,
    "precision": 0.9758507135016465,
    "recall_sensitivity": 0.9955207166853304,
    "specificity": 0.9683908045977011,
    "ece": 0.019997523479110033,
    "tn": 674,
    "fp": 22,
    "fn": 4,
    "tp": 889,
    "auroc": 0.9981078889446654,
    "auprc": 0.9988392048151953
  },
  "downsample": {
    "accuracy": 0.9899307740717432,
    "balanced_accuracy": 0.9897735902485487,
    "f1": 0.9910414333706606,
    "precision": 0.9910414333706606,
    "recall_sensitivity": 0.9910414333706606,
    "specificity": 0.9885057471264368,
    "ece": 0.014670679508572919,
    "tn": 688,
    "fp": 8,
    "fn": 8,
    "tp": 885,
    "auroc": 0.9981561570838321,
    "auprc": 0.9988940105755996
  },
  "gaussian_noise": {
    "accuracy": 0.9238514789175583,
    "balanced_accuracy": 0.9322508398656215,
    "f1": 0.9273273273273274,
    "precision": 1.0,
    "recall_sensitivity": 0.864501679731243,
    "specificity": 1.0,
    "ece": 0.047766749967564956,
    "tn": 696,
    "fp": 0,
    "fn": 121,
    "tp": 772,
    "auroc": 0.9983331402607767,
    "auprc": 0.9988719772408119
  }
}