{
  "clean_resize": {
    "accuracy": 0.948395217117684,
    "balanced_accuracy": 0.9540873460246361,
    "f1": 0.9518779342723005,
    "precision": 1.0,
    "recall_sensitivity": 0.9081746920492721,
    "specificity": 1.0,
    "ece": 0.05769640697978669,
    "tn": 696,
    "fp": 0,
    "fn": 82,
    "tp": 811,
    "auroc": 0.9892909088568818,
    "auprc": 0.9932616015063769
  },
  "center_crop": {
    "accuracy": 0.9402139710509755,
    "balanced_accuracy": 0.9385675303445702,
    "f1": 0.947075208913649,
    "precision": 0.9423503325942351,
    "recall_sensitivity": 0.9518477043673013,
    "specificity": 0.9252873563218391,
    "ece": 0.07245922563837867,
    "tn": 644,
    "fp": 52,
    "fn": 43,
    "tp": 850,
    "auroc": 0.9828680284717664,
    "auprc": 0.9893463842280559
  },
  "low_contrast": {
    "accuracy": 0.8414096916299559,
    "balanced_accuracy": 0.8218181642661313,
    "f1": 0.8741258741258742,
    "precision": 0.7889990982867449,
    "recall_sensitivity": 0.9798432250839866,
    "specificity": 0.6637931034482759,
    "ece": 0.12912312407184875,
    "tn": 462,
    "fp": 234,
    "fn": 18,
    "tp": 875,
    "auroc": 0.9689989831512017,
    "auprc": 0.978892841992868
  },
  "high_contrast": {
    "accuracy": 0.960352422907489,
    "balanced_accuracy": 0.9647256438969765,
    "f1": 0.963435867672664,
    "precision": 1.0,
    "recall_sensitivity": 0.9294512877939529,
    "specificity": 1.0,
    "ece": 0.06831965979500491,
    "tn": 696,
    "fp": 0,
    "fn": 63,
    "tp": 830,
    "auroc": 0.9889530318827149,
    "auprc": 0.9934474661703204
  },
  "blur": {
    "accuracy": 0.5638766519823789,
    "balanced_accuracy": 0.502630613584585,
    "f1": 0.7197735543873838,
    "precision": 0.5632911392405063,
    "recall_sensitivity": 0.9966405375139977,
    "specificity": 0.008620689655172414,
    "ece": 0.3772686659502038,
    "tn": 6,
    "fp": 690,
    "fn": 3,
    "tp": 890,
    "auroc": 0.9525620728269684,
    "auprc": 0.9698633859507176
  },
  "downsample": {
    "accuracy": 0.5670232850849591,
    "balanced_accuracy": 0.5060640872173096,
    "f1": 0.7214574898785425,
    "precision": 0.5649968294229549,
    "recall_sensitivity": 0.9977603583426652,
    "specificity": 0.014367816091954023,
    "ece": 0.3606565316999536,
    "tn": 10,
    "fp": 686,
    "fn": 2,
    "tp": 891,
    "auroc": 0.9612696451326409,
    "auprc": 0.9769979935819476
  },
  "gaussian_noise": {
    "accuracy": 0.8785399622404028,
    "balanced_accuracy": 0.8919372900335947,
    "f1": 0.8788449466415568,
    "precision": 1.0,
    "recall_sensitivity": 0.7838745800671892,
    "specificity": 1.0,
    "ece": 0.07968301062874818,
    "tn": 696,
    "fp": 0,
    "fn": 193,
    "tp": 700,
    "auroc": 0.9768682987733457,
    "auprc": 0.9858540279742154
  }
}