{
  "clean_resize": {
    "accuracy": 0.9634990560100692,
    "balanced_accuracy": 0.9605520587970293,
    "f1": 0.9680616740088106,
    "precision": 0.952329360780065,
    "recall_sensitivity": 0.9843225083986562,
    "specificity": 0.9367816091954023,
    "ece": 0.02660977916080102,
    "tn": 652,
    "fp": 44,
    "fn": 14,
    "tp": 879,
    "auroc": 0.9972326266877759,
    "auprc": 0.9982072282595414
  },
  "center_crop": {
    "accuracy": 0.8093140339836375,
    "balanced_accuracy": 0.7828030273776885,
    "f1": 0.8545367258761402,
    "precision": 0.7478991596638656,
    "recall_sensitivity": 0.9966405375139977,
    "specificity": 0.5689655172413793,
    "ece": 0.17475474883484002,
    "tn": 396,
    "fp": 300,
    "fn": 3,
    "tp": 890,
    "auroc": 0.9904268190652713,
    "auprc": 0.9932045645101967
  },
  "low_contrast": {
    "accuracy": 0.960352422907489,
    "balanced_accuracy": 0.9602881929695846,
    "f1": 0.9645868465430016,
    "precision": 0.9683972911963883,
    "recall_sensitivity": 0.9608062709966405,
    "specificity": 0.9597701149425287,
    "ece": 0.023287799938673713,
    "tn": 668,
    "fp": 28,
    "fn": 35,
    "tp": 858,
    "auroc": 0.9957524037533304,
    "auprc": 0.9969709650099547
  },
  "high_contrast": {
    "accuracy": 0.9893014474512272,
    "balanced_accuracy": 0.989213679834215,
    "f1": 0.9904761904761905,
    "precision": 0.9910313901345291,
    "recall_sensitivity": 0.9899216125419933,
    "specificity": 0.9885057471264368,
    "ece": 0.008404832572862566,
    "tn": 688,
    "fp": 8,
    "fn": 9,
    "tp": 884,
    "auroc": 0.99831383300511,
    "auprc": 0.9989876705920328
  },
  "blur": {
    "accuracy": 0.658904971680302,
    "balanced_accuracy": 0.610949144688574,
    "f1": 0.7667814113597247,
    "precision": 0.6226415094339622,
    "recall_sensitivity": 0.9977603583426652,
    "specificity": 0.22413793103448276,
    "ece": 0.3216596841325025,
    "tn": 156,
    "fp": 540,
    "fn": 2,
    "tp": 891,
    "auroc": 0.9108905793463851,
    "auprc": 0.9357709404224751
  },
  "downsample": {
    "accuracy": 0.7016991818753934,
    "balanced_accuracy": 0.6597997194012176,
    "f1": 0.7898936170212766,
    "precision": 0.6537050623624358,
    "recall_sensitivity": 0.9977603583426652,
    "specificity": 0.3218390804597701,
    "ece": 0.2896256111393305,
    "tn": 224,
    "fp": 472,
    "fn": 2,
    "tp": 891,
    "auroc": 0.9816741964963767,
    "auprc": 0.9872852368418296
  },
  "gaussian_noise": {
    "accuracy": 0.5745752045311516,
    "balanced_accuracy": 0.5346533060457453,
    "f1": 0.6935630099728014,
    "precision": 0.5826351865955827,
    "recall_sensitivity": 0.8566629339305711,
    "specificity": 0.21264367816091953,
    "ece": 0.38156688702550134,
    "tn": 148,
    "fp": 548,
    "fn": 128,
    "tp": 765,
    "auroc": 0.4461552818215752,
    "auprc": 0.4985586465863368
  }
}