{
  "checkpoint": "runs/efficientnet_b0_supervised_phash_e1/best_model.pt",
  "split_csv": "metadata/splits_near_duplicate_aware_phash.csv",
  "severity_sweep": true,
  "results": {
    "clean_resize": {
      "condition": "clean_resize",
      "severity": 0.0,
      "threshold": 0.5,
      "accuracy": 0.9634990560100692,
      "balanced_accuracy": 0.9605520587970293,
      "f1": 0.9680616740088106,
      "precision": 0.952329360780065,
      "recall_sensitivity": 0.9843225083986562,
      "specificity": 0.9367816091954023,
      "ece": 0.02660977916080102,
      "tn": 652,
      "fp": 44,
      "fn": 14,
      "tp": 879,
      "auroc": 0.9972326266877759,
      "auprc": 0.9982072282595414
    },
    "center_crop_zoom_1.05": {
      "condition": "center_crop",
      "severity": 1.05,
      "threshold": 0.5,
      "accuracy": 0.8810572687224669,
      "balanced_accuracy": 0.8646995791018264,
      "f1": 0.9040121889283901,
      "precision": 0.8271375464684015,
      "recall_sensitivity": 0.9966405375139977,
      "specificity": 0.7327586206896551,
      "ece": 0.10037623357550265,
      "tn": 510,
      "fp": 186,
      "fn": 3,
      "tp": 890,
      "auroc": 0.9939085608371625,
      "auprc": 0.995829127967569
    },
    "center_crop_zoom_1.15": {
      "condition": "center_crop",
      "severity": 1.15,
      "threshold": 0.5,
      "accuracy": 0.8093140339836375,
      "balanced_accuracy": 0.7828030273776885,
      "f1": 0.8545367258761402,
      "precision": 0.7478991596638656,
      "recall_sensitivity": 0.9966405375139977,
      "specificity": 0.5689655172413793,
      "ece": 0.17475474883484002,
      "tn": 396,
      "fp": 300,
      "fn": 3,
      "tp": 890,
      "auroc": 0.9904268190652713,
      "auprc": 0.9932045645101967
    },
    "center_crop_zoom_1.30": {
      "condition": "center_crop",
      "severity": 1.3,
      "threshold": 0.5,
      "accuracy": 0.7363121460037759,
      "balanced_accuracy": 0.6991527332638272,
      "f1": 0.8098048116205174,
      "precision": 0.6809160305343511,
      "recall_sensitivity": 0.9988801791713325,
      "specificity": 0.3994252873563218,
      "ece": 0.25275409641209745,
      "tn": 278,
      "fp": 418,
      "fn": 1,
      "tp": 892,
      "auroc": 0.9728765236642596,
      "auprc": 0.9798473045172614
    },
    "low_contrast_0.75": {
      "condition": "low_contrast",
      "severity": 0.75,
      "threshold": 0.5,
      "accuracy": 0.9741976085588421,
      "balanced_accuracy": 0.9719723005238702,
      "f1": 0.9773355444997236,
      "precision": 0.9650655021834061,
      "recall_sensitivity": 0.9899216125419933,
      "specificity": 0.9540229885057471,
      "ece": 0.01196478044318389,
      "tn": 664,
      "fp": 32,
      "fn": 9,
      "tp": 884,
      "auroc": 0.9979695202790542,
      "auprc": 0.9986773756714529
    },
    "low_contrast_0.55": {
      "condition": "low_contrast",
      "severity": 0.55,
      "threshold": 0.5,
      "accuracy": 0.960352422907489,
      "balanced_accuracy": 0.9602881929695846,
      "f1": 0.9645868465430016,
      "precision": 0.9683972911963883,
      "recall_sensitivity": 0.9608062709966405,
      "specificity": 0.9597701149425287,
      "ece": 0.023287799938673713,
      "tn": 668,
      "fp": 28,
      "fn": 35,
      "tp": 858,
      "auroc": 0.9957524037533304,
      "auprc": 0.9969709650099547
    },
    "low_contrast_0.35": {
      "condition": "low_contrast",
      "severity": 0.35,
      "threshold": 0.5,
      "accuracy": 0.9043423536815607,
      "balanced_accuracy": 0.9095052837523008,
      "f1": 0.9106933019976499,
      "precision": 0.957972805933251,
      "recall_sensitivity": 0.8678611422172452,
      "specificity": 0.9511494252873564,
      "ece": 0.05663797262471221,
      "tn": 662,
      "fp": 34,
      "fn": 118,
      "tp": 775,
      "auroc": 0.972345574133426,
      "auprc": 0.9725104668482614
    },
    "high_contrast_1.25": {
      "condition": "high_contrast",
      "severity": 1.25,
      "threshold": 0.5,
      "accuracy": 0.9893014474512272,
      "balanced_accuracy": 0.989213679834215,
      "f1": 0.9904761904761905,
      "precision": 0.9910313901345291,
      "recall_sensitivity": 0.9899216125419933,
      "specificity": 0.9885057471264368,
      "ece": 0.009019071095286338,
      "tn": 688,
      "fp": 8,
      "fn": 9,
      "tp": 884,
      "auroc": 0.9982687827418877,
      "auprc": 0.9989555130753728
    },
    "high_contrast_1.50": {
      "condition": "high_contrast",
      "severity": 1.5,
      "threshold": 0.5,
      "accuracy": 0.9893014474512272,
      "balanced_accuracy": 0.989213679834215,
      "f1": 0.9904761904761905,
      "precision": 0.9910313901345291,
      "recall_sensitivity": 0.9899216125419933,
      "specificity": 0.9885057471264368,
      "ece": 0.008404832572862566,
      "tn": 688,
      "fp": 8,
      "fn": 9,
      "tp": 884,
      "auroc": 0.99831383300511,
      "auprc": 0.9989876705920328
    },
    "high_contrast_2.00": {
      "condition": "high_contrast",
      "severity": 2.0,
      "threshold": 0.5,
      "accuracy": 0.9823788546255506,
      "balanced_accuracy": 0.9843225083986562,
      "f1": 0.9840728100113766,
      "precision": 1.0,
      "recall_sensitivity": 0.9686450167973124,
      "specificity": 1.0,
      "ece": 0.017461756049132297,
      "tn": 696,
      "fp": 0,
      "fn": 28,
      "tp": 865,
      "auroc": 0.9981947715951655,
      "auprc": 0.9988892611649554
    },
    "blur_radius_0.5": {
      "condition": "blur",
      "severity": 0.5,
      "threshold": 0.5,
      "accuracy": 0.9565764631843927,
      "balanced_accuracy": 0.9518573579951346,
      "f1": 0.9624387588459444,
      "precision": 0.9364406779661016,
      "recall_sensitivity": 0.9899216125419933,
      "specificity": 0.9137931034482759,
      "ece": 0.03379680856947256,
      "tn": 636,
      "fp": 60,
      "fn": 9,
      "tp": 884,
      "auroc": 0.9973999562368872,
      "auprc": 0.9982959275582521
    },
    "blur_radius_1.5": {
      "condition": "blur",
      "severity": 1.5,
      "threshold": 0.5,
      "accuracy": 0.658904971680302,
      "balanced_accuracy": 0.610949144688574,
      "f1": 0.7667814113597247,
      "precision": 0.6226415094339622,
      "recall_sensitivity": 0.9977603583426652,
      "specificity": 0.22413793103448276,
      "ece": 0.3216596841325025,
      "tn": 156,
      "fp": 540,
      "fn": 2,
      "tp": 891,
      "auroc": 0.9108905793463851,
      "auprc": 0.9357709404224751
    },
    "blur_radius_3.0": {
      "condition": "blur",
      "severity": 3.0,
      "threshold": 0.5,
      "accuracy": 0.5827564505978603,
      "balanced_accuracy": 0.527985867088852,
      "f1": 0.7231732776617954,
      "precision": 0.5765645805592543,
      "recall_sensitivity": 0.9697648376259799,
      "specificity": 0.08620689655172414,
      "ece": 0.39506000398363406,
      "tn": 60,
      "fp": 636,
      "fn": 27,
      "tp": 866,
      "auroc": 0.47857055514795793,
      "auprc": 0.6032846069038617
    },
    "downsample_160": {
      "condition": "downsample",
      "severity": 160.0,
      "threshold": 0.5,
      "accuracy": 0.9074889867841409,
      "balanced_accuracy": 0.8958228752365138,
      "f1": 0.9232375979112272,
      "precision": 0.8649706457925636,
      "recall_sensitivity": 0.9899216125419933,
      "specificity": 0.8017241379310345,
      "ece": 0.06602227679312483,
      "tn": 558,
      "fp": 138,
      "fn": 9,
      "tp": 884,
      "auroc": 0.9958939902948861,
      "auprc": 0.9974147041350944
    },
    "downsample_96": {
      "condition": "downsample",
      "severity": 96.0,
      "threshold": 0.5,
      "accuracy": 0.7016991818753934,
      "balanced_accuracy": 0.6597997194012176,
      "f1": 0.7898936170212766,
      "precision": 0.6537050623624358,
      "recall_sensitivity": 0.9977603583426652,
      "specificity": 0.3218390804597701,
      "ece": 0.2896256111393305,
      "tn": 224,
      "fp": 472,
      "fn": 2,
      "tp": 891,