{
  "clean_resize": {
    "accuracy": 0.8269351793580868,
    "balanced_accuracy": 0.8428550282529508,
    "f1": 0.8226950354609929,
    "precision": 0.9696048632218845,
    "recall_sensitivity": 0.7144456886898096,
    "specificity": 0.9712643678160919,
    "ece": 0.04455854076730367,
    "tn": 676,
    "fp": 20,
    "fn": 255,
    "tp": 638,
    "auroc": 0.9565458032461933,
    "auprc": 0.9683515667055912
  },
  "center_crop": {
    "accuracy": 0.8074260541220893,
    "balanced_accuracy": 0.8071140801379826,
    "f1": 0.8253424657534246,
    "precision": 0.8416763678696159,
    "recall_sensitivity": 0.8096304591265397,
    "specificity": 0.8045977011494253,
    "ece": 0.04340178872674912,
    "tn": 560,
    "fp": 136,
    "fn": 170,
    "tp": 723,
    "auroc": 0.8873518168127583,
    "auprc": 0.916862254042038
  },
  "low_contrast": {
    "accuracy": 0.7123977344241661,
    "balanced_accuracy": 0.7428530975273842,
    "f1": 0.6602230483271375,
    "precision": 0.9823008849557522,
    "recall_sensitivity": 0.49720044792833146,
    "specificity": 0.9885057471264368,
    "ece": 0.18878199104213816,
    "tn": 688,
    "fp": 8,
    "fn": 449,
    "tp": 444,
    "auroc": 0.9418208029244057,
    "auprc": 0.9532228416956532
  },
  "high_contrast": {
    "accuracy": 0.8967904342353682,
    "balanced_accuracy": 0.8983489078529044,
    "f1": 0.9060710194730813,
    "precision": 0.9273153575615475,
    "recall_sensitivity": 0.8857782754759238,
    "specificity": 0.9109195402298851,
    "ece": 0.11049371816527362,
    "tn": 634,
    "fp": 62,
    "fn": 102,
    "tp": 791,
    "auroc": 0.9600758131572512,
    "auprc": 0.9718738252439019
  },
  "blur": {
    "accuracy": 0.8609188168659534,
    "balanced_accuracy": 0.873090190626971,
    "f1": 0.8623052959501558,
    "precision": 0.9719101123595506,
    "recall_sensitivity": 0.77491601343785,
    "specificity": 0.9712643678160919,
    "ece": 0.04958794274366807,
    "tn": 676,
    "fp": 20,
    "fn": 201,
    "tp": 692,
    "auroc": 0.9580710764438609,
    "auprc": 0.9701759122504028
  },
  "downsample": {
    "accuracy": 0.8571428571428571,
    "balanced_accuracy": 0.8697307281409687,
    "f1": 0.858036272670419,
    "precision": 0.9716713881019831,
    "recall_sensitivity": 0.7681970884658454,
    "specificity": 0.9712643678160919,
    "ece": 0.04956783614337651,
    "tn": 676,
    "fp": 20,
    "fn": 207,
    "tp": 686,
    "auroc": 0.9571475460478048,
    "auprc": 0.9695132026373323
  },
  "gaussian_noise": {
    "accuracy": 0.8124606670862178,
    "balanced_accuracy": 0.8302940495038036,
    "f1": 0.8044619422572179,
    "precision": 0.971473851030111,
    "recall_sensitivity": 0.6864501679731243,
    "specificity": 0.9741379310344828,
    "ece": 0.051741004211574924,
    "tn": 678,
    "fp": 18,
    "fn": 280,
    "tp": 613,
    "auroc": 0.9574371548828049,
    "auprc": 0.9689457056354916
  }
}