{
  "checkpoint": "runs/convnext_tiny_supervised_phash_e1/best_model.pt",
  "split_csv": "metadata/splits_near_duplicate_aware_phash.csv",
  "severity_sweep": true,
  "results": {
    "clean_resize": {
      "condition": "clean_resize",
      "severity": 0.0,
      "threshold": 0.5,
      "accuracy": 0.8269351793580868,
      "balanced_accuracy": 0.8428550282529508,
      "f1": 0.8226950354609929,
      "precision": 0.9696048632218845,
      "recall_sensitivity": 0.7144456886898096,
      "specificity": 0.9712643678160919,
      "ece": 0.04455854076730367,
      "tn": 676,
      "fp": 20,
      "fn": 255,
      "tp": 638,
      "auroc": 0.9565458032461933,
      "auprc": 0.9683515667055912
    },
    "center_crop_zoom_1.05": {
      "condition": "center_crop",
      "severity": 1.05,
      "threshold": 0.5,
      "accuracy": 0.78980490874764,
      "balanced_accuracy": 0.7958740394640306,
      "f1": 0.7997601918465228,
      "precision": 0.8606451612903225,
      "recall_sensitivity": 0.7469204927211646,
      "specificity": 0.8448275862068966,
      "ece": 0.053373545170875926,
      "tn": 588,
      "fp": 108,
      "fn": 226,
      "tp": 667,
      "auroc": 0.8952710095120413,
      "auprc": 0.926180485515854
    },
    "center_crop_zoom_1.15": {
      "condition": "center_crop",
      "severity": 1.15,
      "threshold": 0.5,
      "accuracy": 0.8074260541220893,
      "balanced_accuracy": 0.8071140801379826,
      "f1": 0.8253424657534246,
      "precision": 0.8416763678696159,
      "recall_sensitivity": 0.8096304591265397,
      "specificity": 0.8045977011494253,
      "ece": 0.04340178872674912,
      "tn": 560,
      "fp": 136,
      "fn": 170,
      "tp": 723,
      "auroc": 0.8873518168127583,
      "auprc": 0.916862254042038
    },
    "center_crop_zoom_1.30": {
      "condition": "center_crop",
      "severity": 1.3,
      "threshold": 0.5,
      "accuracy": 0.788546255506608,
      "balanced_accuracy": 0.7827097089752996,
      "f1": 0.8151815181518152,
      "precision": 0.8010810810810811,
      "recall_sensitivity": 0.8297872340425532,
      "specificity": 0.735632183908046,
      "ece": 0.04853674391011462,
      "tn": 512,
      "fp": 184,
      "fn": 152,
      "tp": 741,
      "auroc": 0.8640350877192983,
      "auprc": 0.8942583459449346
    },
    "low_contrast_0.75": {
      "condition": "low_contrast",
      "severity": 0.75,
      "threshold": 0.5,
      "accuracy": 0.775330396475771,
      "balanced_accuracy": 0.7988441389607548,
      "f1": 0.7529411764705882,
      "precision": 0.9855072463768116,
      "recall_sensitivity": 0.6091825307950728,
      "specificity": 0.9885057471264368,
      "ece": 0.10446425763212604,
      "tn": 688,
      "fp": 8,
      "fn": 349,
      "tp": 544,
      "auroc": 0.9531509441248021,
      "auprc": 0.9644609099429754
    },
    "low_contrast_0.55": {
      "condition": "low_contrast",
      "severity": 0.55,
      "threshold": 0.5,
      "accuracy": 0.7123977344241661,
      "balanced_accuracy": 0.7428530975273842,
      "f1": 0.6602230483271375,
      "precision": 0.9823008849557522,
      "recall_sensitivity": 0.49720044792833146,
      "specificity": 0.9885057471264368,
      "ece": 0.18878199104213816,
      "tn": 688,
      "fp": 8,
      "fn": 449,
      "tp": 444,
      "auroc": 0.9418208029244057,
      "auprc": 0.9532228416956532
    },
    "low_contrast_0.35": {
      "condition": "low_contrast",
      "severity": 0.35,
      "threshold": 0.5,
      "accuracy": 0.6022655758338578,
      "balanced_accuracy": 0.6461366181410975,
      "f1": 0.45233968804159447,
      "precision": 1.0,
      "recall_sensitivity": 0.29227323628219487,
      "specificity": 1.0,
      "ece": 0.34890215075413644,
      "tn": 696,
      "fp": 0,
      "fn": 632,
      "tp": 261,
      "auroc": 0.8995507845181552,
      "auprc": 0.9174485203359011
    },
    "high_contrast_1.25": {
      "condition": "high_contrast",
      "severity": 1.25,
      "threshold": 0.5,
      "accuracy": 0.8735053492762744,
      "balanced_accuracy": 0.8817527126694211,
      "f1": 0.8786964393482197,
      "precision": 0.9528795811518325,
      "recall_sensitivity": 0.8152295632698768,
      "specificity": 0.9482758620689655,
      "ece": 0.06991191138674566,
      "tn": 660,
      "fp": 36,
      "fn": 165,
      "tp": 728,
      "auroc": 0.958914159941306,
      "auprc": 0.9708026147768596
    },
    "high_contrast_1.50": {
      "condition": "high_contrast",
      "severity": 1.5,
      "threshold": 0.5,
      "accuracy": 0.8967904342353682,
      "balanced_accuracy": 0.8983489078529044,
      "f1": 0.9060710194730813,
      "precision": 0.9273153575615475,
      "recall_sensitivity": 0.8857782754759238,
      "specificity": 0.9109195402298851,
      "ece": 0.11049371816527362,
      "tn": 634,
      "fp": 62,
      "fn": 102,
      "tp": 791,
      "auroc": 0.9600758131572512,
      "auprc": 0.9718738252439019
    },
    "high_contrast_2.00": {
      "condition": "high_contrast",
      "severity": 2.0,
      "threshold": 0.5,
      "accuracy": 0.8810572687224669,
      "balanced_accuracy": 0.8716727162734422,
      "f1": 0.8995215311004785,
      "precision": 0.8562753036437247,
      "recall_sensitivity": 0.9473684210526315,
      "specificity": 0.7959770114942529,
      "ece": 0.11166363570527357,
      "tn": 554,
      "fp": 142,
      "fn": 47,
      "tp": 846,
      "auroc": 0.9621223822579192,
      "auprc": 0.9732403193349909
    },
    "blur_radius_0.5": {
      "condition": "blur",
      "severity": 0.5,
      "threshold": 0.5,
      "accuracy": 0.8426683448709881,
      "balanced_accuracy": 0.8568527886112934,
      "f1": 0.8413705583756346,
      "precision": 0.9707174231332357,
      "recall_sensitivity": 0.7424412094064949,
      "specificity": 0.9712643678160919,
      "ece": 0.04427375073402255,
      "tn": 676,
      "fp": 20,
      "fn": 230,
      "tp": 663,
      "auroc": 0.956384909448971,
      "auprc": 0.9684374932647246
    },
    "blur_radius_1.5": {
      "condition": "blur",
      "severity": 1.5,
      "threshold": 0.5,
      "accuracy": 0.8609188168659534,
      "balanced_accuracy": 0.873090190626971,
      "f1": 0.8623052959501558,
      "precision": 0.9719101123595506,
      "recall_sensitivity": 0.77491601343785,
      "specificity": 0.9712643678160919,
      "ece": 0.04958794274366807,
      "tn": 676,
      "fp": 20,
      "fn": 201,
      "tp": 692,
      "auroc": 0.9580710764438609,
      "auprc": 0.9701759122504028
    },
    "blur_radius_3.0": {
      "condition": "blur",
      "severity": 3.0,
      "threshold": 0.5,
      "accuracy": 0.8508495909376966,
      "balanced_accuracy": 0.8641316239976317,
      "f1": 0.8508495909376966,
      "precision": 0.9712643678160919,
      "recall_sensitivity": 0.7569988801791714,
      "specificity": 0.9712643678160919,
      "ece": 0.029485193132191327,
      "tn": 676,
      "fp": 20,
      "fn": 217,
      "tp": 676,
      "auroc": 0.9600211092661955,
      "auprc": 0.9717849248075917
    },
    "downsample_160": {
      "condition": "downsample",
      "severity": 160.0,
      "threshold": 0.5,
      "accuracy": 0.8477029578351164,
      "balanced_accuracy": 0.8613320719259632,
      "f1": 0.8472222222222222,
      "precision": 0.9710564399421129,
      "recall_sensitivity": 0.7513997760358343,
      "specificity": 0.9712643678160919,
      "ece": 0.04274917680997568,
      "tn": 676,
      "fp": 20,
      "fn": 222,
      "tp": 671,
      "auroc": 0.9562980267984708,
      "auprc": 0.9686811999044147
    },
    "downsample_96": {
      "condition": "downsample",
      "severity": 96.0,
      "threshold": 0.5,
      "accuracy": 0.8571428571428571,
      "balanced_accuracy": 0.8697307281409687,
      "f1": 0.858036272670419,
      "precision": 0.9716713881019831,
      "recall_sensitivity": 0.7681970884658454,
      "specificity": 0.9712643678160919,
      "ece": 0.04956783614337651,
      "tn": 676,
      "fp": 20,
      "fn": 207,