{
  "clean_resize": {
    "accuracy": 0.9924480805538074,
    "balanced_accuracy": 0.9920132319058836,
    "f1": 0.9932960893854749,
    "precision": 0.9910813823857302,
    "recall_sensitivity": 0.9955207166853304,
    "specificity": 0.9885057471264368,
    "ece": 0.018289581576044718,
    "tn": 688,
    "fp": 8,
    "fn": 4,
    "tp": 889,
    "auroc": 0.9993918214464995,
    "auprc": 0.9996081596666615
  },
  "center_crop": {
    "accuracy": 0.7589679043423537,
    "balanced_accuracy": 0.7253317630098725,
    "f1": 0.8229311141932502,
    "precision": 0.7007874015748031,
    "recall_sensitivity": 0.9966405375139977,
    "specificity": 0.4540229885057471,
    "ece": 0.18496572409722495,
    "tn": 316,
    "fp": 380,
    "fn": 3,
    "tp": 890,
    "auroc": 0.9864205635144354,
    "auprc": 0.9901276454119187
  },
  "low_contrast": {
    "accuracy": 0.9716803020767778,
    "balanced_accuracy": 0.9681478549638954,
    "f1": 0.9753424657534246,
    "precision": 0.9549356223175965,
    "recall_sensitivity": 0.9966405375139977,
    "specificity": 0.9396551724137931,
    "ece": 0.03315851833865337,
    "tn": 654,
    "fp": 42,
    "fn": 3,
    "tp": 890,
    "auroc": 0.9991697880063328,
    "auprc": 0.9994627232105352
  },
  "high_contrast": {
    "accuracy": 0.9886721208307111,
    "balanced_accuracy": 0.9899216125419933,
    "f1": 0.9898190045248869,
    "precision": 1.0,
    "recall_sensitivity": 0.9798432250839866,
    "specificity": 1.0,
    "ece": 0.014193565979502921,
    "tn": 696,
    "fp": 0,
    "fn": 18,
    "tp": 875,
    "auroc": 0.9987064138703325,
    "auprc": 0.9991542823383313
  },
  "blur": {
    "accuracy": 0.5645059786028949,
    "balanced_accuracy": 0.5028735632183908,
    "f1": 0.7207425343018563,
    "precision": 0.5634069400630914,
    "recall_sensitivity": 1.0,
    "specificity": 0.005747126436781609,
    "ece": 0.39643872268099395,
    "tn": 4,
    "fp": 692,
    "fn": 0,
    "tp": 893,
    "auroc": 0.95333758092958,
    "auprc": 0.963458090038277
  },
  "downsample": {
    "accuracy": 0.5670232850849591,
    "balanced_accuracy": 0.5057471264367817,
    "f1": 0.7219078415521423,
    "precision": 0.5648323845667299,
    "recall_sensitivity": 1.0,
    "specificity": 0.011494252873563218,
    "ece": 0.395186696433661,
    "tn": 8,
    "fp": 688,
    "fn": 0,
    "tp": 893,
    "auroc": 0.9574886408979162,
    "auprc": 0.9590173236943189
  },
  "gaussian_noise": {
    "accuracy": 0.7728130899937067,
    "balanced_accuracy": 0.7406609195402298,
    "f1": 0.831858407079646,
    "precision": 0.7121212121212122,
    "recall_sensitivity": 1.0,
    "specificity": 0.4813218390804598,
    "ece": 0.12556777013579465,
    "tn": 335,
    "fp": 361,
    "fn": 0,
    "tp": 893,
    "auroc": 0.9816178836673488,
    "auprc": 0.9849871510224703
  }
}