{
  "clean_resize": {
    "accuracy": 0.6387665198237885,
    "balanced_accuracy": 0.6675177948539728,
    "f1": 0.5754437869822485,
    "precision": 0.8474945533769063,
    "recall_sensitivity": 0.43561030235162373,
    "specificity": 0.8994252873563219,
    "ece": 0.10547493157182726,
    "tn": 626,
    "fp": 70,
    "fn": 504,
    "tp": 389,
    "auroc": 0.77811458212663,
    "auprc": 0.8376789678889134
  },
  "center_crop": {
    "accuracy": 0.6419131529263687,
    "balanced_accuracy": 0.6769735233167291,
    "f1": 0.5530243519245875,
    "precision": 0.9263157894736842,
    "recall_sensitivity": 0.39417693169092943,
    "specificity": 0.9597701149425287,
    "ece": 0.10165512331106737,
    "tn": 668,
    "fp": 28,
    "fn": 541,
    "tp": 352,
    "auroc": 0.7501158435340001,
    "auprc": 0.8301418094860957
  },
  "low_contrast": {
    "accuracy": 0.4380113278791693,
    "balanced_accuracy": 0.5,
    "f1": 0.0,
    "precision": 0.0,
    "recall_sensitivity": 0.0,
    "specificity": 1.0,
    "ece": 0.14772065245482519,
    "tn": 696,
    "fp": 0,
    "fn": 893,
    "tp": 0,
    "auroc": 0.3463625130323975,
    "auprc": 0.4795987210311434
  },
  "high_contrast": {
    "accuracy": 0.6551290119572057,
    "balanced_accuracy": 0.6104423292273236,
    "f1": 0.7598597721297108,
    "precision": 0.6241900647948164,
    "recall_sensitivity": 0.9708846584546472,
    "specificity": 0.25,
    "ece": 0.14908814300824588,
    "tn": 174,
    "fp": 522,
    "fn": 26,
    "tp": 867,
    "auroc": 0.8772219433396403,
    "auprc": 0.9117475471237989
  },
  "blur": {
    "accuracy": 0.5437382001258654,
    "balanced_accuracy": 0.5940649496080627,
    "f1": 0.3166823751178134,
    "precision": 1.0,
    "recall_sensitivity": 0.1881298992161254,
    "specificity": 1.0,
    "ece": 0.021766541175230116,
    "tn": 696,
    "fp": 0,
    "fn": 725,
    "tp": 168,
    "auroc": 0.7993976136231996,
    "auprc": 0.8698322846160278
  },
  "downsample": {
    "accuracy": 0.5538074260541221,
    "balanced_accuracy": 0.603023516237402,
    "f1": 0.34168987929433614,
    "precision": 1.0,
    "recall_sensitivity": 0.20604703247480402,
    "specificity": 1.0,
    "ece": 0.05656254081474002,
    "tn": 696,
    "fp": 0,
    "fn": 709,
    "tp": 184,
    "auroc": 0.8092024816259284,
    "auprc": 0.8739058368238497
  },
  "gaussian_noise": {
    "accuracy": 0.697293895531781,
    "balanced_accuracy": 0.7077034341172079,
    "f1": 0.6984326018808777,
    "precision": 0.7934472934472935,
    "recall_sensitivity": 0.6237402015677491,
    "specificity": 0.7916666666666666,
    "ece": 0.1681772404080145,
    "tn": 551,
    "fp": 145,
    "fn": 336,
    "tp": 557,
    "auroc": 0.7792352074242834,
    "auprc": 0.841641478533946
  }
}