{
  "checkpoint": "runs/resnet18_supervised_phash_e1/best_model.pt",
  "split_csv": "metadata/splits_near_duplicate_aware_phash.csv",
  "severity_sweep": true,
  "results": {
    "clean_resize": {
      "condition": "clean_resize",
      "severity": 0.0,
      "threshold": 0.5,
      "accuracy": 0.9924480805538074,
      "balanced_accuracy": 0.9920132319058836,
      "f1": 0.9932960893854749,
      "precision": 0.9910813823857302,
      "recall_sensitivity": 0.9955207166853304,
      "specificity": 0.9885057471264368,
      "ece": 0.018289581576044718,
      "tn": 688,
      "fp": 8,
      "fn": 4,
      "tp": 889,
      "auroc": 0.9993918214464995,
      "auprc": 0.9996081596666615
    },
    "center_crop_zoom_1.05": {
      "condition": "center_crop",
      "severity": 1.05,
      "threshold": 0.5,
      "accuracy": 0.8533668974197609,
      "balanced_accuracy": 0.8330903836995276,
      "f1": 0.8842523596621957,
      "precision": 0.7946428571428571,
      "recall_sensitivity": 0.9966405375139977,
      "specificity": 0.6695402298850575,
      "ece": 0.08686323339281321,
      "tn": 466,
      "fp": 230,
      "fn": 3,
      "tp": 890,
      "auroc": 0.9943204489580517,
      "auprc": 0.9959617004211532
    },
    "center_crop_zoom_1.15": {
      "condition": "center_crop",
      "severity": 1.15,
      "threshold": 0.5,
      "accuracy": 0.7589679043423537,
      "balanced_accuracy": 0.7253317630098725,
      "f1": 0.8229311141932502,
      "precision": 0.7007874015748031,
      "recall_sensitivity": 0.9966405375139977,
      "specificity": 0.4540229885057471,
      "ece": 0.18496572409722495,
      "tn": 316,
      "fp": 380,
      "fn": 3,
      "tp": 890,
      "auroc": 0.9864205635144354,
      "auprc": 0.9901276454119187
    },
    "center_crop_zoom_1.30": {
      "condition": "center_crop",
      "severity": 1.3,
      "threshold": 0.5,
      "accuracy": 0.6916299559471366,
      "balanced_accuracy": 0.6483054665276544,
      "f1": 0.784330985915493,
      "precision": 0.646120377084844,
      "recall_sensitivity": 0.9977603583426652,
      "specificity": 0.2988505747126437,
      "ece": 0.2638202362226133,
      "tn": 208,
      "fp": 488,
      "fn": 2,
      "tp": 891,
      "auroc": 0.9757887013939839,
      "auprc": 0.9822306774675762
    },
    "low_contrast_0.75": {
      "condition": "low_contrast",
      "severity": 0.75,
      "threshold": 0.5,
      "accuracy": 0.9880427942101951,
      "balanced_accuracy": 0.9868260158834357,
      "f1": 0.9894385769872152,
      "precision": 0.9823399558498896,
      "recall_sensitivity": 0.9966405375139977,
      "specificity": 0.9770114942528736,
      "ece": 0.021762730304797633,
      "tn": 680,
      "fp": 16,
      "fn": 3,
      "tp": 890,
      "auroc": 0.9992663242846662,
      "auprc": 0.999515102292738
    },
    "low_contrast_0.55": {
      "condition": "low_contrast",
      "severity": 0.55,
      "threshold": 0.5,
      "accuracy": 0.9716803020767778,
      "balanced_accuracy": 0.9681478549638954,
      "f1": 0.9753424657534246,
      "precision": 0.9549356223175965,
      "recall_sensitivity": 0.9966405375139977,
      "specificity": 0.9396551724137931,
      "ece": 0.03315851833865337,
      "tn": 654,
      "fp": 42,
      "fn": 3,
      "tp": 890,
      "auroc": 0.9991697880063328,
      "auprc": 0.9994627232105352
    },
    "low_contrast_0.35": {
      "condition": "low_contrast",
      "severity": 0.35,
      "threshold": 0.5,
      "accuracy": 0.9238514789175583,
      "balanced_accuracy": 0.9135501538144701,
      "f1": 0.9363492898474487,
      "precision": 0.8829365079365079,
      "recall_sensitivity": 0.9966405375139977,
      "specificity": 0.8304597701149425,
      "ece": 0.03461322985159302,
      "tn": 578,
      "fp": 118,
      "fn": 3,
      "tp": 890,
      "auroc": 0.9970138111235536,
      "auprc": 0.9978459841170721
    },
    "high_contrast_1.25": {
      "condition": "high_contrast",
      "severity": 1.25,
      "threshold": 0.5,
      "accuracy": 0.986784140969163,
      "balanced_accuracy": 0.9869740381768802,
      "f1": 0.9882088714205502,
      "precision": 0.990990990990991,
      "recall_sensitivity": 0.9854423292273237,
      "specificity": 0.9885057471264368,
      "ece": 0.01581187066008866,
      "tn": 688,
      "fp": 8,
      "fn": 13,
      "tp": 880,
      "auroc": 0.9989670618218325,
      "auprc": 0.9993247396182778
    },
    "high_contrast_1.50": {
      "condition": "high_contrast",
      "severity": 1.5,
      "threshold": 0.5,
      "accuracy": 0.9886721208307111,
      "balanced_accuracy": 0.9899216125419933,
      "f1": 0.9898190045248869,
      "precision": 1.0,
      "recall_sensitivity": 0.9798432250839866,
      "specificity": 1.0,
      "ece": 0.014193565979502921,
      "tn": 696,
      "fp": 0,
      "fn": 18,
      "tp": 875,
      "auroc": 0.9987064138703325,
      "auprc": 0.9991542823383313
    },
    "high_contrast_2.00": {
      "condition": "high_contrast",
      "severity": 2.0,
      "threshold": 0.5,
      "accuracy": 0.973568281938326,
      "balanced_accuracy": 0.9742650371342885,
      "f1": 0.9762979683972912,
      "precision": 0.9840728100113766,
      "recall_sensitivity": 0.9686450167973124,
      "specificity": 0.9798850574712644,
      "ece": 0.014407920828947787,
      "tn": 682,
      "fp": 14,
      "fn": 28,
      "tp": 865,
      "auroc": 0.9976541684364985,
      "auprc": 0.9984472258250603
    },
    "blur_radius_0.5": {
      "condition": "blur",
      "severity": 0.5,
      "threshold": 0.5,
      "accuracy": 0.9288860918816866,
      "balanced_accuracy": 0.9189803194707238,
      "f1": 0.9404322614654718,
      "precision": 0.8884462151394422,
      "recall_sensitivity": 0.9988801791713325,
      "specificity": 0.8390804597701149,
      "ece": 0.024808425557388717,
      "tn": 584,
      "fp": 112,
      "fn": 1,
      "tp": 892,
      "auroc": 0.9994754862210552,
      "auprc": 0.999628507983658
    },
    "blur_radius_1.5": {
      "condition": "blur",
      "severity": 1.5,
      "threshold": 0.5,
      "accuracy": 0.5645059786028949,
      "balanced_accuracy": 0.5028735632183908,
      "f1": 0.7207425343018563,
      "precision": 0.5634069400630914,
      "recall_sensitivity": 1.0,
      "specificity": 0.005747126436781609,
      "ece": 0.39643872268099395,
      "tn": 4,
      "fp": 692,
      "fn": 0,
      "tp": 893,
      "auroc": 0.95333758092958,
      "auprc": 0.963458090038277
    },
    "blur_radius_3.0": {
      "condition": "blur",
      "severity": 3.0,
      "threshold": 0.5,
      "accuracy": 0.5670232850849591,
      "balanced_accuracy": 0.5057471264367817,
      "f1": 0.7219078415521423,
      "precision": 0.5648323845667299,
      "recall_sensitivity": 1.0,
      "specificity": 0.011494252873563218,
      "ece": 0.3334410234094791,
      "tn": 8,
      "fp": 688,
      "fn": 0,
      "tp": 893,
      "auroc": 0.9841423073457671,
      "auprc": 0.9885412332810122
    },
    "downsample_160": {
      "condition": "downsample",
      "severity": 160.0,
      "threshold": 0.5,
      "accuracy": 0.7394587791063562,
      "balanced_accuracy": 0.7025862068965517,
      "f1": 0.8118181818181818,
      "precision": 0.6832440703902066,
      "recall_sensitivity": 1.0,
      "specificity": 0.4051724137931034,
      "ece": 0.19459268982217998,
      "tn": 282,
      "fp": 414,
      "fn": 0,
      "tp": 893,
      "auroc": 0.9989574081939993,
      "auprc": 0.9992247167351638
    },
    "downsample_96": {
      "condition": "downsample",
      "severity": 96.0,
      "threshold": 0.5,
      "accuracy": 0.5670232850849591,
      "balanced_accuracy": 0.5057471264367817,
      "f1": 0.7219078415521423,
      "precision": 0.5648323845667299,
      "recall_sensitivity": 1.0,
      "specificity": 0.011494252873563218,
      "ece": 0.395186696433661,
      "tn": 8,
      "fp": 688,
      "fn": 0,
      "tp": 893,
      "auroc": 0.9574886408979162,
      "auprc": 0.9590173236943189
    },