{
  "checkpoint": "runs/simclr_resnet18_phash_e25_finetune_50pct_e10/best_model.pt",
  "split_csv": "metadata/splits_near_duplicate_aware_phash.csv",
  "severity_sweep": true,
  "results": {
    "clean_resize": {
      "condition": "clean_resize",
      "severity": 0.0,
      "threshold": 0.5,
      "accuracy": 0.9704216488357458,
      "balanced_accuracy": 0.9667110733547,
      "f1": 0.9742747673782156,
      "precision": 0.9528907922912205,
      "recall_sensitivity": 0.9966405375139977,
      "specificity": 0.9367816091954023,
      "ece": 0.019667967747781998,
      "tn": 652,
      "fp": 44,
      "fn": 3,
      "tp": 890,
      "auroc": 0.9990829053558327,
      "auprc": 0.9993938917470722
    },
    "center_crop_zoom_1.05": {
      "condition": "center_crop",
      "severity": 1.05,
      "threshold": 0.5,
      "accuracy": 0.7916928886091882,
      "balanced_accuracy": 0.7626880848489529,
      "f1": 0.8432022738038845,
      "precision": 0.7307060755336617,
      "recall_sensitivity": 0.9966405375139977,
      "specificity": 0.5287356321839081,
      "ece": 0.1272846978548105,
      "tn": 368,
      "fp": 328,
      "fn": 3,
      "tp": 890,
      "auroc": 0.9956590853509415,
      "auprc": 0.9972999120456925
    },
    "center_crop_zoom_1.15": {
      "condition": "center_crop",
      "severity": 1.15,
      "threshold": 0.5,
      "accuracy": 0.7186910006293267,
      "balanced_accuracy": 0.6790377907350915,
      "f1": 0.7996414164051995,
      "precision": 0.6666666666666666,
      "recall_sensitivity": 0.9988801791713325,
      "specificity": 0.35919540229885055,
      "ece": 0.21824644785491626,
      "tn": 250,
      "fp": 446,
      "fn": 1,
      "tp": 892,
      "auroc": 0.990121120850549,
      "auprc": 0.9932523506105781
    },
    "center_crop_zoom_1.30": {
      "condition": "center_crop",
      "severity": 1.3,
      "threshold": 0.5,
      "accuracy": 0.6828193832599119,
      "balanced_accuracy": 0.6379310344827587,
      "f1": 0.7799126637554585,
      "precision": 0.639226914817466,
      "recall_sensitivity": 1.0,
      "specificity": 0.27586206896551724,
      "ece": 0.2711791517887009,
      "tn": 192,
      "fp": 504,
      "fn": 0,
      "tp": 893,
      "auroc": 0.9663410176210886,
      "auprc": 0.9729938134267011
    },
    "low_contrast_0.75": {
      "condition": "low_contrast",
      "severity": 0.75,
      "threshold": 0.5,
      "accuracy": 0.948395217117684,
      "balanced_accuracy": 0.9417258755840445,
      "f1": 0.9559139784946237,
      "precision": 0.9193381592554292,
      "recall_sensitivity": 0.9955207166853304,
      "specificity": 0.8879310344827587,
      "ece": 0.02525584284462547,
      "tn": 618,
      "fp": 78,
      "fn": 4,
      "tp": 889,
      "auroc": 0.997203665804276,
      "auprc": 0.9984188867777501
    },
    "low_contrast_0.55": {
      "condition": "low_contrast",
      "severity": 0.55,
      "threshold": 0.5,
      "accuracy": 0.8653241032095658,
      "balanced_accuracy": 0.8481661324992599,
      "f1": 0.8917004048582996,
      "precision": 0.8134810710987996,
      "recall_sensitivity": 0.986562150055991,
      "specificity": 0.7097701149425287,
      "ece": 0.07001628424281825,
      "tn": 494,
      "fp": 202,
      "fn": 12,
      "tp": 881,
      "auroc": 0.983672497457878,
      "auprc": 0.9887499351379309
    },
    "low_contrast_0.35": {
      "condition": "low_contrast",
      "severity": 0.35,
      "threshold": 0.5,
      "accuracy": 0.6211453744493393,
      "balanced_accuracy": 0.5691135395348238,
      "f1": 0.745777027027027,
      "precision": 0.5986440677966102,
      "recall_sensitivity": 0.9888017917133258,
      "specificity": 0.14942528735632185,
      "ece": 0.2766005941602191,
      "tn": 104,
      "fp": 592,
      "fn": 10,
      "tp": 883,
      "auroc": 0.9361412518824576,
      "auprc": 0.9599141853927399
    },
    "high_contrast_1.25": {
      "condition": "high_contrast",
      "severity": 1.25,
      "threshold": 0.5,
      "accuracy": 0.9880427942101951,
      "balanced_accuracy": 0.9868260158834357,
      "f1": 0.9894385769872152,
      "precision": 0.9823399558498896,
      "recall_sensitivity": 0.9966405375139977,
      "specificity": 0.9770114942528736,
      "ece": 0.019866391498293008,
      "tn": 680,
      "fp": 16,
      "fn": 3,
      "tp": 890,
      "auroc": 0.9995848940031664,
      "auprc": 0.9996984761541646
    },
    "high_contrast_1.50": {
      "condition": "high_contrast",
      "severity": 1.5,
      "threshold": 0.5,
      "accuracy": 0.9855254877281309,
      "balanced_accuracy": 0.9845863742261008,
      "f1": 0.9871866295264624,
      "precision": 0.9822616407982262,
      "recall_sensitivity": 0.9921612541993281,
      "specificity": 0.9770114942528736,
      "ece": 0.014765115580219647,
      "tn": 680,
      "fp": 16,
      "fn": 7,
      "tp": 886,
      "auroc": 0.9991858773860549,
      "auprc": 0.9994013391840277
    },
    "high_contrast_2.00": {
      "condition": "high_contrast",
      "severity": 2.0,
      "threshold": 0.5,
      "accuracy": 0.9767149150409062,
      "balanced_accuracy": 0.9780154715475409,
      "f1": 0.9790368271954675,
      "precision": 0.9908256880733946,
      "recall_sensitivity": 0.9675251959686451,
      "specificity": 0.9885057471264368,
      "ece": 0.015000924611856242,
      "tn": 688,
      "fp": 8,
      "fn": 29,
      "tp": 864,
      "auroc": 0.9954209625310526,
      "auprc": 0.9970987783395449
    },
    "blur_radius_0.5": {
      "condition": "blur",
      "severity": 0.5,
      "threshold": 0.5,
      "accuracy": 0.7451227186910007,
      "balanced_accuracy": 0.7092102045281949,
      "f1": 0.8149840109639105,
      "precision": 0.6882716049382716,
      "recall_sensitivity": 0.9988801791713325,
      "specificity": 0.41954022988505746,
      "ece": 0.15237774918778388,
      "tn": 292,
      "fp": 404,
      "fn": 1,
      "tp": 892,
      "auroc": 0.996634101762109,
      "auprc": 0.9979069466330333
    },
    "blur_radius_1.5": {
      "condition": "blur",
      "severity": 1.5,
      "threshold": 0.5,
      "accuracy": 0.5645059786028949,
      "balanced_accuracy": 0.5028735632183908,
      "f1": 0.7207425343018563,
      "precision": 0.5634069400630914,
      "recall_sensitivity": 1.0,
      "specificity": 0.005747126436781609,
      "ece": 0.4232294480330994,
      "tn": 4,
      "fp": 692,
      "fn": 0,
      "tp": 893,
      "auroc": 0.9900921599670489,
      "auprc": 0.9943618950318605
    },
    "blur_radius_3.0": {
      "condition": "blur",
      "severity": 3.0,
      "threshold": 0.5,
      "accuracy": 0.5619886721208307,
      "balanced_accuracy": 0.5,
      "f1": 0.7195809830781628,
      "precision": 0.5619886721208307,
      "recall_sensitivity": 1.0,
      "specificity": 0.0,
      "ece": 0.4234580676686171,
      "tn": 0,
      "fp": 696,
      "fn": 0,
      "tp": 893,
      "auroc": 0.9753446345136503,
      "auprc": 0.9841830131397087
    },
    "downsample_160": {
      "condition": "downsample",
      "severity": 160.0,
      "threshold": 0.5,
      "accuracy": 0.6123348017621145,
      "balanced_accuracy": 0.5574712643678161,
      "f1": 0.7435470441298918,
      "precision": 0.5917826375082836,
      "recall_sensitivity": 1.0,
      "specificity": 0.11494252873563218,
      "ece": 0.31846021541527336,
      "tn": 80,
      "fp": 616,
      "fn": 0,
      "tp": 893,
      "auroc": 0.9956172529636638,
      "auprc": 0.9974391516173529
    },
    "downsample_96": {
      "condition": "downsample",
      "severity": 96.0,
      "threshold": 0.5,
      "accuracy": 0.5645059786028949,
      "balanced_accuracy": 0.5028735632183908,
      "f1": 0.7207425343018563,
      "precision": 0.5634069400630914,
      "recall_sensitivity": 1.0,
      "specificity": 0.005747126436781609,
      "ece": 0.41462444321324504,
      "tn": 4,
      "fp": 692,
      "fn": 0,
      "tp": 893,
      "auroc": 0.9920968966804392,
      "auprc": 0.9955725914390152
    },