{
  "clean_resize": {
    "accuracy": 0.9960068454078722,
    "balanced_accuracy": 0.9963880288957688,
    "f1": 0.9963749352667012,
    "precision": 1.0,
    "recall_sensitivity": 0.9927760577915377,
    "specificity": 1.0,
    "ece": 0.030435167672125896,
    "tn": 784,
    "fp": 0,
    "fn": 7,
    "tp": 962,
    "auroc": 0.9997051452159811,
    "auprc": 0.9997713523549028
  },
  "center_crop": {
    "accuracy": 0.7895037079292642,
    "balanced_accuracy": 0.7655206819569933,
    "f1": 0.8390754470126471,
    "precision": 0.7265861027190332,
    "recall_sensitivity": 0.9927760577915377,
    "specificity": 0.5382653061224489,
    "ece": 0.13718876581218284,
    "tn": 422,
    "fp": 362,
    "fn": 7,
    "tp": 962,
    "auroc": 0.9787704555506413,
    "auprc": 0.983499274570523
  },
  "low_contrast": {
    "accuracy": 0.9606389047347405,
    "balanced_accuracy": 0.9561166571891915,
    "f1": 0.9655860349127182,
    "precision": 0.9343629343629344,
    "recall_sensitivity": 0.9989680082559339,
    "specificity": 0.9132653061224489,
    "ece": 0.04001544395310793,
    "tn": 716,
    "fp": 68,
    "fn": 1,
    "tp": 968,
    "auroc": 0.9978201807038605,
    "auprc": 0.9982191713448065
  },
  "high_contrast": {
    "accuracy": 0.966343411294923,
    "balanced_accuracy": 0.9695562435500515,
    "f1": 0.9686003193187865,
    "precision": 1.0,
    "recall_sensitivity": 0.9391124871001032,
    "specificity": 1.0,
    "ece": 0.01661504429640324,
    "tn": 784,
    "fp": 0,
    "fn": 59,
    "tp": 910,
    "auroc": 0.9994734735999663,
    "auprc": 0.9995874683139759
  },
  "blur": {
    "accuracy": 0.5561893896177981,
    "balanced_accuracy": 0.5038265306122449,
    "f1": 0.7135493372606775,
    "precision": 0.5546651402404121,
    "recall_sensitivity": 1.0,
    "specificity": 0.007653061224489796,
    "ece": 0.41527896507494944,
    "tn": 6,
    "fp": 778,
    "fn": 0,
    "tp": 969,
    "auroc": 0.8800414902803226,
    "auprc": 0.915063537534768
  },
  "downsample": {
    "accuracy": 0.5561893896177981,
    "balanced_accuracy": 0.5038265306122449,
    "f1": 0.7135493372606775,
    "precision": 0.5546651402404121,
    "recall_sensitivity": 1.0,
    "specificity": 0.007653061224489796,
    "ece": 0.4096432554334215,
    "tn": 6,
    "fp": 778,
    "fn": 0,
    "tp": 969,
    "auroc": 0.8887291758808786,
    "auprc": 0.9066112654405964
  },
  "gaussian_noise": {
    "accuracy": 0.7427267541357673,
    "balanced_accuracy": 0.7123724489795918,
    "f1": 0.8112180828798661,
    "precision": 0.6823943661971831,
    "recall_sensitivity": 1.0,
    "specificity": 0.4247448979591837,
    "ece": 0.11942835284330068,
    "tn": 333,
    "fp": 451,
    "fn": 0,
    "tp": 969,
    "auroc": 0.9884598576272615,
    "auprc": 0.9904258215550191
  }
}