{
  "checkpoint": "runs/vit_tiny_patch16_224_supervised_phash_e1/best_model.pt",
  "split_csv": "metadata/splits_near_duplicate_aware_phash.csv",
  "severity_sweep": true,
  "results": {
    "clean_resize": {
      "condition": "clean_resize",
      "severity": 0.0,
      "threshold": 0.5,
      "accuracy": 0.9421019509125236,
      "balanced_accuracy": 0.948488241881299,
      "f1": 0.9456906729634003,
      "precision": 1.0,
      "recall_sensitivity": 0.896976483762598,
      "specificity": 1.0,
      "ece": 0.03855697331271184,
      "tn": 696,
      "fp": 0,
      "fn": 92,
      "tp": 801,
      "auroc": 0.9986130954679436,
      "auprc": 0.9991158057814169
    },
    "center_crop_zoom_1.05": {
      "condition": "center_crop",
      "severity": 1.05,
      "threshold": 0.5,
      "accuracy": 0.9534298300818125,
      "balanced_accuracy": 0.9541291784119139,
      "f1": 0.9581447963800905,
      "precision": 0.968,
      "recall_sensitivity": 0.948488241881299,
      "specificity": 0.9597701149425287,
      "ece": 0.028969242172281043,
      "tn": 668,
      "fp": 28,
      "fn": 46,
      "tp": 847,
      "auroc": 0.9873054793991582,
      "auprc": 0.9901900535427626
    },
    "center_crop_zoom_1.15": {
      "condition": "center_crop",
      "severity": 1.15,
      "threshold": 0.5,
      "accuracy": 0.9181875393329137,
      "balanced_accuracy": 0.9107296855491627,
      "f1": 0.9302575107296137,
      "precision": 0.8928939237899073,
      "recall_sensitivity": 0.9708846584546472,
      "specificity": 0.8505747126436781,
      "ece": 0.046178413414442974,
      "tn": 592,
      "fp": 104,
      "fn": 26,
      "tp": 867,
      "auroc": 0.9793766330720419,
      "auprc": 0.9848922722071869
    },
    "center_crop_zoom_1.30": {
      "condition": "center_crop",
      "severity": 1.3,
      "threshold": 0.5,
      "accuracy": 0.8672120830711139,
      "balanced_accuracy": 0.8511137068643729,
      "f1": 0.8925114620478859,
      "precision": 0.8186915887850468,
      "recall_sensitivity": 0.9809630459126539,
      "specificity": 0.7212643678160919,
      "ece": 0.09353475412211004,
      "tn": 502,
      "fp": 194,
      "fn": 17,
      "tp": 876,
      "auroc": 0.975241662483428,
      "auprc": 0.9822526888131138
    },
    "low_contrast_0.75": {
      "condition": "low_contrast",
      "severity": 0.75,
      "threshold": 0.5,
      "accuracy": 0.906859660163625,
      "balanced_accuracy": 0.9171332586786114,
      "f1": 0.9096459096459096,
      "precision": 1.0,
      "recall_sensitivity": 0.8342665173572228,
      "specificity": 1.0,
      "ece": 0.03938992016640987,
      "tn": 696,
      "fp": 0,
      "fn": 148,
      "tp": 745,
      "auroc": 0.9986581457311657,
      "auprc": 0.9991517305617391
    },
    "low_contrast_0.55": {
      "condition": "low_contrast",
      "severity": 0.55,
      "threshold": 0.5,
      "accuracy": 0.8439269981120201,
      "balanced_accuracy": 0.8611422172452408,
      "f1": 0.8387516254876463,
      "precision": 1.0,
      "recall_sensitivity": 0.7222844344904815,
      "specificity": 1.0,
      "ece": 0.07390622605183089,
      "tn": 696,
      "fp": 0,
      "fn": 248,
      "tp": 645,
      "auroc": 0.9978504588691096,
      "auprc": 0.9985971847346093
    },
    "low_contrast_0.35": {
      "condition": "low_contrast",
      "severity": 0.35,
      "threshold": 0.5,
      "accuracy": 0.7778477029578351,
      "balanced_accuracy": 0.8023516237402015,
      "f1": 0.7536636427076064,
      "precision": 1.0,
      "recall_sensitivity": 0.6047032474804032,
      "specificity": 1.0,
      "ece": 0.12313941061817668,
      "tn": 696,
      "fp": 0,
      "fn": 353,
      "tp": 540,
      "auroc": 0.9945939684133298,
      "auprc": 0.9964715074012153
    },
    "high_contrast_1.25": {
      "condition": "high_contrast",
      "severity": 1.25,
      "threshold": 0.5,
      "accuracy": 0.9251101321585903,
      "balanced_accuracy": 0.9333706606942889,
      "f1": 0.9286142771445711,
      "precision": 1.0,
      "recall_sensitivity": 0.8667413213885778,
      "specificity": 1.0,
      "ece": 0.04627832664690297,
      "tn": 696,
      "fp": 0,
      "fn": 119,
      "tp": 774,
      "auroc": 0.9987192853741103,
      "auprc": 0.9991766695079124
    },
    "high_contrast_1.50": {
      "condition": "high_contrast",
      "severity": 1.5,
      "threshold": 0.5,
      "accuracy": 0.8892385147891756,
      "balanced_accuracy": 0.9014557670772676,
      "f1": 0.8906832298136645,
      "precision": 1.0,
      "recall_sensitivity": 0.8029115341545353,
      "specificity": 1.0,
      "ece": 0.06409110848509307,
      "tn": 696,
      "fp": 0,
      "fn": 176,
      "tp": 717,
      "auroc": 0.9989863690774994,
      "auprc": 0.9993626873783794
    },
    "high_contrast_2.00": {
      "condition": "high_contrast",
      "severity": 2.0,
      "threshold": 0.5,
      "accuracy": 0.8332284455632474,
      "balanced_accuracy": 0.8516237402015677,
      "f1": 0.8257725180802103,
      "precision": 1.0,
      "recall_sensitivity": 0.7032474804031354,
      "specificity": 1.0,
      "ece": 0.11556458317207247,
      "tn": 696,
      "fp": 0,
      "fn": 265,
      "tp": 628,
      "auroc": 0.9985776988325545,
      "auprc": 0.999137017903365
    },
    "blur_radius_0.5": {
      "condition": "blur",
      "severity": 0.5,
      "threshold": 0.5,
      "accuracy": 0.9578351164254248,
      "balanced_accuracy": 0.9624860022396416,
      "f1": 0.9610238510762071,
      "precision": 1.0,
      "recall_sensitivity": 0.9249720044792833,
      "specificity": 1.0,
      "ece": 0.02276461701832469,
      "tn": 696,
      "fp": 0,
      "fn": 67,
      "tp": 826,
      "auroc": 0.9985680452047213,
      "auprc": 0.9991119079542422
    },
    "blur_radius_1.5": {
      "condition": "blur",
      "severity": 1.5,
      "threshold": 0.5,
      "accuracy": 0.9836375078665828,
      "balanced_accuracy": 0.9819557606415157,
      "f1": 0.9855875831485588,
      "precision": 0.9758507135016465,
      "recall_sensitivity": 0.9955207166853304,
      "specificity": 0.9683908045977011,
      "ece": 0.019997523479110033,
      "tn": 674,
      "fp": 22,
      "fn": 4,
      "tp": 889,
      "auroc": 0.9981078889446654,
      "auprc": 0.9988392048151953
    },
    "blur_radius_3.0": {
      "condition": "blur",
      "severity": 3.0,
      "threshold": 0.5,
      "accuracy": 0.9144115796098174,
      "balanced_accuracy": 0.9029327721357686,
      "f1": 0.928944618599791,
      "precision": 0.8707149853085211,
      "recall_sensitivity": 0.9955207166853304,
      "specificity": 0.8103448275862069,
      "ece": 0.0385789897222813,
      "tn": 564,
      "fp": 132,
      "fn": 4,
      "tp": 889,
      "auroc": 0.9945360466463297,
      "auprc": 0.99645502902571
    },
    "downsample_160": {
      "condition": "downsample",
      "severity": 160.0,
      "threshold": 0.5,
      "accuracy": 0.9754562617998741,
      "balanced_accuracy": 0.9781634938409854,
      "f1": 0.9776760160274757,
      "precision": 1.0,
      "recall_sensitivity": 0.9563269876819709,
      "specificity": 1.0,
      "ece": 0.009780580944438419,
      "tn": 696,
      "fp": 0,
      "fn": 39,
      "tp": 854,
      "auroc": 0.9985551737009435,
      "auprc": 0.9991254745263052
    },
    "downsample_96": {
      "condition": "downsample",
      "severity": 96.0,
      "threshold": 0.5,
      "accuracy": 0.9899307740717432,
      "balanced_accuracy": 0.9897735902485487,
      "f1": 0.9910414333706606,
      "precision": 0.9910414333706606,
      "recall_sensitivity": 0.9910414333706606,
      "specificity": 0.9885057471264368,
      "ece": 0.014670679508572919,
      "tn": 688,
      "fp": 8,
      "fn": 8,
      "tp": 885,
      "auroc": 0.9981561570838321,
      "auprc": 0.9988940105755996
    },
    "downsample_48": {
      "condition": "downsample",
      "severity": 48.0,
      "threshold": 0.5,
      "accuracy": 0.933291378225299,