method,label_fraction,n_seeds,seeds,accuracy_mean,accuracy_std,balanced_accuracy_mean,balanced_accuracy_std,recall_sensitivity_mean,recall_sensitivity_std,auroc_mean,auroc_std,f1_mean,f1_std,ece_mean,ece_std,selected_accuracy_mean,selected_accuracy_std,selected_balanced_accuracy_mean,selected_balanced_accuracy_std,selected_sensitivity_mean,selected_sensitivity_std,selected_specificity_mean,selected_specificity_std
simclr_e25_finetune,10pct,3,7 42 123,0.9366477868680513,0.021381674861820264,0.9422621882414522,0.019556121587727942,0.896976483762598,0.03588671972891847,0.9783844546558376,0.007227811645536868,0.940647907697509,0.020711112654305735,0.2549186060738458,0.02590514565311222,0.9391650933501153,0.01763612297628156,0.9418604900610538,0.022491457648229206,0.9201194475550579,0.020321997146422136,0.9636015325670497,0.06304399491151087
supervised_resnet18,10pct,3,7 42 123,0.9269981120201384,0.013715855706547162,0.9342051631892153,0.013128287633265895,0.876073161627473,0.020042394563133722,0.9765749357497437,0.015309013044013038,0.930918810696446,0.01336013774591202,0.29332022997526247,0.002934844898193218,0.9366477868680513,0.024938597593635686,0.9412056523063591,0.023456186307235533,0.9044419559537141,0.039723398010064914,0.9779693486590039,0.023403815561054826
simclr_e25_finetune,25pct,3,7 42 123,0.9211243968953221,0.006428174300836763,0.9298245614035089,0.005719131558807081,0.8596491228070176,0.011438263117614426,0.9859389547480831,0.0019848382957967357,0.9245010890363862,0.006636463628466109,0.06326934858532987,0.019821424367027916,0.9452485840151038,0.010360023683545888,0.946955996619085,0.011087109418846252,0.9331840238895109,0.0109909905668798,0.960727969348659,0.020183244737265786
supervised_resnet18,25pct,3,7 42 123,0.9360184602475351,0.005847434388406275,0.9430757745427399,0.005202448624399574,0.8861515490854797,0.0104048972487991,0.9925162931785322,0.004428500374577685,0.9396183700520405,0.005831960857715425,0.0819567416808078,0.014693914552064044,0.9542689322425005,0.02454642748279431,0.9543474576634788,0.025782037769455875,0.9537140724150802,0.023310929445309457,0.9549808429118775,0.04067217192636422
