{
  "checkpoint": "runs/simclr_resnet18_phash_e25_finetune_50pct_e10/best_model.pt",
  "split_csv": "metadata/splits_near_duplicate_aware_phash.csv",
  "validation_default": {
    "threshold": 0.5,
    "accuracy": 0.9753787878787878,
    "balanced_accuracy": 0.9712606384713209,
    "f1": 0.9789983844911146,
    "precision": 0.9598732840549102,
    "recall_sensitivity": 0.9989010989010989,
    "specificity": 0.9436201780415431,
    "ece": 0.023923927220760463,
    "tn": 636,
    "fp": 38,
    "fn": 1,
    "tp": 909,
    "auroc": 0.9998989141422376,
    "auprc": 0.9999271695193175
  },
  "test_default": {
    "threshold": 0.5,
    "accuracy": 0.9704216488357458,
    "balanced_accuracy": 0.9667110733547,
    "f1": 0.9742747673782156,
    "precision": 0.9528907922912205,
    "recall_sensitivity": 0.9966405375139977,
    "specificity": 0.9367816091954023,
    "ece": 0.019667967747781998,
    "tn": 652,
    "fp": 44,
    "fn": 3,
    "tp": 890,
    "auroc": 0.9990829053558327,
    "auprc": 0.9993938917470722
  },
  "validation_selected": {
    "balanced_accuracy": {
      "selected_threshold": 0.8938306570053101,
      "threshold": 0.8938306570053101,
      "accuracy": 0.9974747474747475,
      "balanced_accuracy": 0.9978021978021978,
      "f1": 0.9977973568281938,
      "precision": 1.0,
      "recall_sensitivity": 0.9956043956043956,
      "specificity": 1.0,
      "ece": 0.023923927220760463,
      "tn": 674,
      "fp": 0,
      "fn": 4,
      "tp": 906,
      "auroc": 0.9998989141422376,
      "auprc": 0.9999271695193175
    },
    "f1": {
      "selected_threshold": 0.8938306570053101,
      "threshold": 0.8938306570053101,
      "accuracy": 0.9974747474747475,
      "balanced_accuracy": 0.9978021978021978,
      "f1": 0.9977973568281938,
      "precision": 1.0,
      "recall_sensitivity": 0.9956043956043956,
      "specificity": 1.0,
      "ece": 0.023923927220760463,
      "tn": 674,
      "fp": 0,
      "fn": 4,
      "tp": 906,
      "auroc": 0.9998989141422376,
      "auprc": 0.9999271695193175
    },
    "youden": {
      "selected_threshold": 0.8938306570053101,
      "threshold": 0.8938306570053101,
      "accuracy": 0.9974747474747475,
      "balanced_accuracy": 0.9978021978021978,
      "f1": 0.9977973568281938,
      "precision": 1.0,
      "recall_sensitivity": 0.9956043956043956,
      "specificity": 1.0,
      "ece": 0.023923927220760463,
      "tn": 674,
      "fp": 0,
      "fn": 4,
      "tp": 906,
      "auroc": 0.9998989141422376,
      "auprc": 0.9999271695193175
    },
    "sensitivity_90": {
      "selected_threshold": 0.8938306570053101,
      "threshold": 0.8938306570053101,
      "accuracy": 0.9974747474747475,
      "balanced_accuracy": 0.9978021978021978,
      "f1": 0.9977973568281938,
      "precision": 1.0,
      "recall_sensitivity": 0.9956043956043956,
      "specificity": 1.0,
      "ece": 0.023923927220760463,
      "tn": 674,
      "fp": 0,
      "fn": 4,
      "tp": 906,
      "auroc": 0.9998989141422376,
      "auprc": 0.9999271695193175
    }
  },
  "test_at_validation_selected_thresholds": {
    "balanced_accuracy": {
      "threshold": 0.8938306570053101,
      "accuracy": 0.9924480805538074,
      "balanced_accuracy": 0.9920132319058836,
      "f1": 0.9932960893854749,
      "precision": 0.9910813823857302,
      "recall_sensitivity": 0.9955207166853304,
      "specificity": 0.9885057471264368,
      "ece": 0.019667967747781998,
      "tn": 688,
      "fp": 8,
      "fn": 4,
      "tp": 889,
      "auroc": 0.9990829053558327,
      "auprc": 0.9993938917470722
    },
    "f1": {
      "threshold": 0.8938306570053101,
      "accuracy": 0.9924480805538074,
      "balanced_accuracy": 0.9920132319058836,
      "f1": 0.9932960893854749,
      "precision": 0.9910813823857302,
      "recall_sensitivity": 0.9955207166853304,
      "specificity": 0.9885057471264368,
      "ece": 0.019667967747781998,
      "tn": 688,
      "fp": 8,
      "fn": 4,
      "tp": 889,
      "auroc": 0.9990829053558327,
      "auprc": 0.9993938917470722
    },
    "youden": {
      "threshold": 0.8938306570053101,
      "accuracy": 0.9924480805538074,
      "balanced_accuracy": 0.9920132319058836,
      "f1": 0.9932960893854749,
      "precision": 0.9910813823857302,
      "recall_sensitivity": 0.9955207166853304,
      "specificity": 0.9885057471264368,
      "ece": 0.019667967747781998,
      "tn": 688,
      "fp": 8,
      "fn": 4,
      "tp": 889,
      "auroc": 0.9990829053558327,
      "auprc": 0.9993938917470722
    },
    "sensitivity_90": {
      "threshold": 0.8938306570053101,
      "accuracy": 0.9924480805538074,
      "balanced_accuracy": 0.9920132319058836,
      "f1": 0.9932960893854749,
      "precision": 0.9910813823857302,
      "recall_sensitivity": 0.9955207166853304,
      "specificity": 0.9885057471264368,
      "ece": 0.019667967747781998,
      "tn": 688,
      "fp": 8,
      "fn": 4,
      "tp": 889,
      "auroc": 0.9990829053558327,
      "auprc": 0.9993938917470722
    }
  }
}