{
  "checkpoint": "runs/simclr_resnet18_phash_e25_finetune_50pct_seed7_e10/best_model.pt",
  "split_csv": "metadata/splits_near_duplicate_aware_phash.csv",
  "validation_default": {
    "threshold": 0.5,
    "accuracy": 0.9829545454545454,
    "balanced_accuracy": 0.9801627156226562,
    "f1": 0.9853658536585366,
    "precision": 0.9721925133689839,
    "recall_sensitivity": 0.9989010989010989,
    "specificity": 0.9614243323442137,
    "ece": 0.03648142926271464,
    "tn": 648,
    "fp": 26,
    "fn": 1,
    "tp": 909,
    "auroc": 0.9997782632797468,
    "auprc": 0.9998507907798557
  },
  "test_default": {
    "threshold": 0.5,
    "accuracy": 0.9666456891126495,
    "balanced_accuracy": 0.9624007285271138,
    "f1": 0.9710856519367158,
    "precision": 0.9468085106382979,
    "recall_sensitivity": 0.9966405375139977,
    "specificity": 0.9281609195402298,
    "ece": 0.044827512392154115,
    "tn": 646,
    "fp": 50,
    "fn": 3,
    "tp": 890,
    "auroc": 0.99851655918961,
    "auprc": 0.9991658308083795
  },
  "validation_selected": {
    "balanced_accuracy": {
      "selected_threshold": 0.890792191028595,
      "threshold": 0.890792191028595,
      "accuracy": 0.9974747474747475,
      "balanced_accuracy": 0.9978021978021978,
      "f1": 0.9977973568281938,
      "precision": 1.0,
      "recall_sensitivity": 0.9956043956043956,
      "specificity": 1.0,
      "ece": 0.03648142926271464,
      "tn": 674,
      "fp": 0,
      "fn": 4,
      "tp": 906,
      "auroc": 0.9997782632797468,
      "auprc": 0.9998507907798557
    },
    "f1": {
      "selected_threshold": 0.890792191028595,
      "threshold": 0.890792191028595,
      "accuracy": 0.9974747474747475,
      "balanced_accuracy": 0.9978021978021978,
      "f1": 0.9977973568281938,
      "precision": 1.0,
      "recall_sensitivity": 0.9956043956043956,
      "specificity": 1.0,
      "ece": 0.03648142926271464,
      "tn": 674,
      "fp": 0,
      "fn": 4,
      "tp": 906,
      "auroc": 0.9997782632797468,
      "auprc": 0.9998507907798557
    },
    "youden": {
      "selected_threshold": 0.890792191028595,
      "threshold": 0.890792191028595,
      "accuracy": 0.9974747474747475,
      "balanced_accuracy": 0.9978021978021978,
      "f1": 0.9977973568281938,
      "precision": 1.0,
      "recall_sensitivity": 0.9956043956043956,
      "specificity": 1.0,
      "ece": 0.03648142926271464,
      "tn": 674,
      "fp": 0,
      "fn": 4,
      "tp": 906,
      "auroc": 0.9997782632797468,
      "auprc": 0.9998507907798557
    },
    "sensitivity_90": {
      "selected_threshold": 0.890792191028595,
      "threshold": 0.890792191028595,
      "accuracy": 0.9974747474747475,
      "balanced_accuracy": 0.9978021978021978,
      "f1": 0.9977973568281938,
      "precision": 1.0,
      "recall_sensitivity": 0.9956043956043956,
      "specificity": 1.0,
      "ece": 0.03648142926271464,
      "tn": 674,
      "fp": 0,
      "fn": 4,
      "tp": 906,
      "auroc": 0.9997782632797468,
      "auprc": 0.9998507907798557
    }
  },
  "test_at_validation_selected_thresholds": {
    "balanced_accuracy": {
      "threshold": 0.890792191028595,
      "accuracy": 0.9968533668974198,
      "balanced_accuracy": 0.9972004479283314,
      "f1": 0.9971925884334644,
      "precision": 1.0,
      "recall_sensitivity": 0.9944008958566629,
      "specificity": 1.0,
      "ece": 0.044827512392154115,
      "tn": 696,
      "fp": 0,
      "fn": 5,
      "tp": 888,
      "auroc": 0.99851655918961,
      "auprc": 0.9991658308083795
    },
    "f1": {
      "threshold": 0.890792191028595,
      "accuracy": 0.9968533668974198,
      "balanced_accuracy": 0.9972004479283314,
      "f1": 0.9971925884334644,
      "precision": 1.0,
      "recall_sensitivity": 0.9944008958566629,
      "specificity": 1.0,
      "ece": 0.044827512392154115,
      "tn": 696,
      "fp": 0,
      "fn": 5,
      "tp": 888,
      "auroc": 0.99851655918961,
      "auprc": 0.9991658308083795
    },
    "youden": {
      "threshold": 0.890792191028595,
      "accuracy": 0.9968533668974198,
      "balanced_accuracy": 0.9972004479283314,
      "f1": 0.9971925884334644,
      "precision": 1.0,
      "recall_sensitivity": 0.9944008958566629,
      "specificity": 1.0,
      "ece": 0.044827512392154115,
      "tn": 696,
      "fp": 0,
      "fn": 5,
      "tp": 888,
      "auroc": 0.99851655918961,
      "auprc": 0.9991658308083795
    },
    "sensitivity_90": {
      "threshold": 0.890792191028595,
      "accuracy": 0.9968533668974198,
      "balanced_accuracy": 0.9972004479283314,
      "f1": 0.9971925884334644,
      "precision": 1.0,
      "recall_sensitivity": 0.9944008958566629,
      "specificity": 1.0,
      "ece": 0.044827512392154115,
      "tn": 696,
      "fp": 0,
      "fn": 5,
      "tp": 888,
      "auroc": 0.99851655918961,
      "auprc": 0.9991658308083795
    }
  }
}