{
  "checkpoint": "runs/simclr_resnet18_phash_e25_finetune_10pct_seed7_e10/best_model.pt",
  "split_csv": "metadata/splits_near_duplicate_aware_phash.csv",
  "validation_default": {
    "threshold": 0.5,
    "accuracy": 0.9797979797979798,
    "balanced_accuracy": 0.9824175824175825,
    "f1": 0.9821029082774049,
    "precision": 1.0,
    "recall_sensitivity": 0.9648351648351648,
    "specificity": 1.0,
    "ece": 0.06054083455937222,
    "tn": 674,
    "fp": 0,
    "fn": 32,
    "tp": 878,
    "auroc": 0.9966902533668114,
    "auprc": 0.9979081713250688
  },
  "test_default": {
    "threshold": 0.5,
    "accuracy": 0.9773442416614223,
    "balanced_accuracy": 0.9763566564981787,
    "f1": 0.979933110367893,
    "precision": 0.9755826859045506,
    "recall_sensitivity": 0.9843225083986562,
    "specificity": 0.9683908045977011,
    "ece": 0.07095869449028819,
    "tn": 674,
    "fp": 22,
    "fn": 14,
    "tp": 879,
    "auroc": 0.9952504151059969,
    "auprc": 0.9972126669451816
  },
  "validation_selected": {
    "balanced_accuracy": {
      "selected_threshold": 0.5059909820556641,
      "threshold": 0.5059909820556641,
      "accuracy": 0.9797979797979798,
      "balanced_accuracy": 0.9824175824175825,
      "f1": 0.9821029082774049,
      "precision": 1.0,
      "recall_sensitivity": 0.9648351648351648,
      "specificity": 1.0,
      "ece": 0.06054083455937222,
      "tn": 674,
      "fp": 0,
      "fn": 32,
      "tp": 878,
      "auroc": 0.9966902533668114,
      "auprc": 0.9979081713250688
    },
    "f1": {
      "selected_threshold": 0.5059909820556641,
      "threshold": 0.5059909820556641,
      "accuracy": 0.9797979797979798,
      "balanced_accuracy": 0.9824175824175825,
      "f1": 0.9821029082774049,
      "precision": 1.0,
      "recall_sensitivity": 0.9648351648351648,
      "specificity": 1.0,
      "ece": 0.06054083455937222,
      "tn": 674,
      "fp": 0,
      "fn": 32,
      "tp": 878,
      "auroc": 0.9966902533668114,
      "auprc": 0.9979081713250688
    },
    "youden": {
      "selected_threshold": 0.5059909820556641,
      "threshold": 0.5059909820556641,
      "accuracy": 0.9797979797979798,
      "balanced_accuracy": 0.9824175824175825,
      "f1": 0.9821029082774049,
      "precision": 1.0,
      "recall_sensitivity": 0.9648351648351648,
      "specificity": 1.0,
      "ece": 0.06054083455937222,
      "tn": 674,
      "fp": 0,
      "fn": 32,
      "tp": 878,
      "auroc": 0.9966902533668114,
      "auprc": 0.9979081713250688
    },
    "sensitivity_90": {
      "selected_threshold": 0.5059909820556641,
      "threshold": 0.5059909820556641,
      "accuracy": 0.9797979797979798,
      "balanced_accuracy": 0.9824175824175825,
      "f1": 0.9821029082774049,
      "precision": 1.0,
      "recall_sensitivity": 0.9648351648351648,
      "specificity": 1.0,
      "ece": 0.06054083455937222,
      "tn": 674,
      "fp": 0,
      "fn": 32,
      "tp": 878,
      "auroc": 0.9966902533668114,
      "auprc": 0.9979081713250688
    }
  },
  "test_at_validation_selected_thresholds": {
    "balanced_accuracy": {
      "threshold": 0.5059909820556641,
      "accuracy": 0.9811202013845186,
      "balanced_accuracy": 0.9806670013257649,
      "f1": 0.9832214765100671,
      "precision": 0.982122905027933,
      "recall_sensitivity": 0.9843225083986562,
      "specificity": 0.9770114942528736,
      "ece": 0.07095869449028819,
      "tn": 680,
      "fp": 16,
      "fn": 14,
      "tp": 879,
      "auroc": 0.9952504151059969,
      "auprc": 0.9972126669451816
    },
    "f1": {
      "threshold": 0.5059909820556641,
      "accuracy": 0.9811202013845186,
      "balanced_accuracy": 0.9806670013257649,
      "f1": 0.9832214765100671,
      "precision": 0.982122905027933,
      "recall_sensitivity": 0.9843225083986562,
      "specificity": 0.9770114942528736,
      "ece": 0.07095869449028819,
      "tn": 680,
      "fp": 16,
      "fn": 14,
      "tp": 879,
      "auroc": 0.9952504151059969,
      "auprc": 0.9972126669451816
    },
    "youden": {
      "threshold": 0.5059909820556641,
      "accuracy": 0.9811202013845186,
      "balanced_accuracy": 0.9806670013257649,
      "f1": 0.9832214765100671,
      "precision": 0.982122905027933,
      "recall_sensitivity": 0.9843225083986562,
      "specificity": 0.9770114942528736,
      "ece": 0.07095869449028819,
      "tn": 680,
      "fp": 16,
      "fn": 14,
      "tp": 879,
      "auroc": 0.9952504151059969,
      "auprc": 0.9972126669451816
    },
    "sensitivity_90": {
      "threshold": 0.5059909820556641,
      "accuracy": 0.9811202013845186,
      "balanced_accuracy": 0.9806670013257649,
      "f1": 0.9832214765100671,
      "precision": 0.982122905027933,
      "recall_sensitivity": 0.9843225083986562,
      "specificity": 0.9770114942528736,
      "ece": 0.07095869449028819,
      "tn": 680,
      "fp": 16,
      "fn": 14,
      "tp": 879,
      "auroc": 0.9952504151059969,
      "auprc": 0.9972126669451816
    }
  }
}