{
  "checkpoint": "runs/resnet18_supervised_phash_25pct_seed7_e1/best_model.pt",
  "split_csv": "metadata/splits_near_duplicate_aware_phash.csv",
  "validation_default": {
    "threshold": 0.5,
    "accuracy": 0.9356060606060606,
    "balanced_accuracy": 0.9439560439560439,
    "f1": 0.940628637951106,
    "precision": 1.0,
    "recall_sensitivity": 0.8879120879120879,
    "specificity": 1.0,
    "ece": 0.1083829038861123,
    "tn": 674,
    "fp": 0,
    "fn": 102,
    "tp": 808,
    "auroc": 0.9904294518537843,
    "auprc": 0.9937766234710015
  },
  "test_default": {
    "threshold": 0.5,
    "accuracy": 0.9427312775330396,
    "balanced_accuracy": 0.9490481522956327,
    "f1": 0.9463126843657818,
    "precision": 1.0,
    "recall_sensitivity": 0.8980963045912654,
    "specificity": 1.0,
    "ece": 0.09891787521151942,
    "tn": 696,
    "fp": 0,
    "fn": 91,
    "tp": 802,
    "auroc": 0.9876079597379362,
    "auprc": 0.9918038379519636
  },
  "validation_selected": {
    "balanced_accuracy": {
      "selected_threshold": 0.356366366147995,
      "threshold": 0.356366366147995,
      "accuracy": 0.9564393939393939,
      "balanced_accuracy": 0.958624906251019,
      "f1": 0.9613878007834359,
      "precision": 0.9794754846066135,
      "recall_sensitivity": 0.9439560439560439,
      "specificity": 0.973293768545994,
      "ece": 0.1083829038861123,
      "tn": 656,
      "fp": 18,
      "fn": 51,
      "tp": 859,
      "auroc": 0.9904294518537843,
      "auprc": 0.9937766234710015
    },
    "f1": {
      "selected_threshold": 0.32652780413627625,
      "threshold": 0.32652780413627625,
      "accuracy": 0.9583333333333334,
      "balanced_accuracy": 0.9583493657677634,
      "f1": 0.96353591160221,
      "precision": 0.9688888888888889,
      "recall_sensitivity": 0.9582417582417583,
      "specificity": 0.9584569732937686,
      "ece": 0.1083829038861123,
      "tn": 646,
      "fp": 28,
      "fn": 38,
      "tp": 872,
      "auroc": 0.9904294518537843,
      "auprc": 0.9937766234710015
    },
    "youden": {
      "selected_threshold": 0.356366366147995,
      "threshold": 0.356366366147995,
      "accuracy": 0.9564393939393939,
      "balanced_accuracy": 0.958624906251019,
      "f1": 0.9613878007834359,
      "precision": 0.9794754846066135,
      "recall_sensitivity": 0.9439560439560439,
      "specificity": 0.973293768545994,
      "ece": 0.1083829038861123,
      "tn": 656,
      "fp": 18,
      "fn": 51,
      "tp": 859,
      "auroc": 0.9904294518537843,
      "auprc": 0.9937766234710015
    },
    "sensitivity_90": {
      "selected_threshold": 0.4467034637928009,
      "threshold": 0.4467034637928009,
      "accuracy": 0.9400252525252525,
      "balanced_accuracy": 0.9470326409495549,
      "f1": 0.9451817657241778,
      "precision": 0.9951397326852977,
      "recall_sensitivity": 0.9,
      "specificity": 0.9940652818991098,
      "ece": 0.1083829038861123,
      "tn": 670,
      "fp": 4,
      "fn": 91,
      "tp": 819,
      "auroc": 0.9904294518537843,
      "auprc": 0.9937766234710015
    }
  },
  "test_at_validation_selected_thresholds": {
    "balanced_accuracy": {
      "threshold": 0.356366366147995,
      "accuracy": 0.9295154185022027,
      "balanced_accuracy": 0.9271472886177292,
      "f1": 0.9378468368479467,
      "precision": 0.9295929592959296,
      "recall_sensitivity": 0.9462486002239642,
      "specificity": 0.9080459770114943,
      "ece": 0.09891787521151942,
      "tn": 632,
      "fp": 64,
      "fn": 48,
      "tp": 845,
      "auroc": 0.9876079597379362,
      "auprc": 0.9918038379519636
    },
    "f1": {
      "threshold": 0.32652780413627625,
      "accuracy": 0.9288860918816866,
      "balanced_accuracy": 0.9246856135202275,
      "f1": 0.938082191780822,
      "precision": 0.9184549356223176,
      "recall_sensitivity": 0.9585666293393057,
      "specificity": 0.8908045977011494,
      "ece": 0.09891787521151942,
      "tn": 620,
      "fp": 76,
      "fn": 37,
      "tp": 856,
      "auroc": 0.9876079597379362,
      "auprc": 0.9918038379519636
    },
    "youden": {
      "threshold": 0.356366366147995,
      "accuracy": 0.9295154185022027,
      "balanced_accuracy": 0.9271472886177292,
      "f1": 0.9378468368479467,
      "precision": 0.9295929592959296,
      "recall_sensitivity": 0.9462486002239642,
      "specificity": 0.9080459770114943,
      "ece": 0.09891787521151942,
      "tn": 632,
      "fp": 64,
      "fn": 48,
      "tp": 845,
      "auroc": 0.9876079597379362,
      "auprc": 0.9918038379519636
    },
    "sensitivity_90": {
      "threshold": 0.4467034637928009,
      "accuracy": 0.9553178099433606,
      "balanced_accuracy": 0.9602463605823068,
      "f1": 0.958600583090379,
      "precision": 1.0,
      "recall_sensitivity": 0.9204927211646137,
      "specificity": 1.0,
      "ece": 0.09891787521151942,
      "tn": 696,
      "fp": 0,
      "fn": 71,
      "tp": 822,
      "auroc": 0.9876079597379362,
      "auprc": 0.9918038379519636
    }
  }
}