{
  "checkpoint": "runs/simclr_resnet18_phash_e25_finetune_25pct_e1/best_model.pt",
  "split_csv": "metadata/splits_near_duplicate_aware_phash.csv",
  "validation_default": {
    "threshold": 0.5,
    "accuracy": 0.9034090909090909,
    "balanced_accuracy": 0.915934065934066,
    "f1": 0.9082183563287343,
    "precision": 1.0,
    "recall_sensitivity": 0.8318681318681319,
    "specificity": 1.0,
    "ece": 0.0465096142072456,
    "tn": 674,
    "fp": 0,
    "fn": 153,
    "tp": 757,
    "auroc": 0.9845664721035641,
    "auprc": 0.9902901098129999
  },
  "test_default": {
    "threshold": 0.5,
    "accuracy": 0.9137822529893015,
    "balanced_accuracy": 0.9232922732362823,
    "f1": 0.9169193450576106,
    "precision": 1.0,
    "recall_sensitivity": 0.8465845464725644,
    "specificity": 1.0,
    "ece": 0.08469793909681224,
    "tn": 696,
    "fp": 0,
    "fn": 137,
    "tp": 756,
    "auroc": 0.987817121674325,
    "auprc": 0.9925152225586833
  },
  "validation_selected": {
    "balanced_accuracy": {
      "selected_threshold": 0.15421989560127258,
      "threshold": 0.15421989560127258,
      "accuracy": 0.9488636363636364,
      "balanced_accuracy": 0.9547249486418625,
      "f1": 0.9536348025186033,
      "precision": 0.995221027479092,
      "recall_sensitivity": 0.9153846153846154,
      "specificity": 0.9940652818991098,
      "ece": 0.0465096142072456,
      "tn": 670,
      "fp": 4,
      "fn": 77,
      "tp": 833,
      "auroc": 0.9845664721035641,
      "auprc": 0.9902901098129999
    },
    "f1": {
      "selected_threshold": 0.15421989560127258,
      "threshold": 0.15421989560127258,
      "accuracy": 0.9488636363636364,
      "balanced_accuracy": 0.9547249486418625,
      "f1": 0.9536348025186033,
      "precision": 0.995221027479092,
      "recall_sensitivity": 0.9153846153846154,
      "specificity": 0.9940652818991098,
      "ece": 0.0465096142072456,
      "tn": 670,
      "fp": 4,
      "fn": 77,
      "tp": 833,
      "auroc": 0.9845664721035641,
      "auprc": 0.9902901098129999
    },
    "youden": {
      "selected_threshold": 0.15421989560127258,
      "threshold": 0.15421989560127258,
      "accuracy": 0.9488636363636364,
      "balanced_accuracy": 0.9547249486418625,
      "f1": 0.9536348025186033,
      "precision": 0.995221027479092,
      "recall_sensitivity": 0.9153846153846154,
      "specificity": 0.9940652818991098,
      "ece": 0.0465096142072456,
      "tn": 670,
      "fp": 4,
      "fn": 77,
      "tp": 833,
      "auroc": 0.9845664721035641,
      "auprc": 0.9902901098129999
    },
    "sensitivity_90": {
      "selected_threshold": 0.16465938091278076,
      "threshold": 0.16465938091278076,
      "accuracy": 0.9463383838383839,
      "balanced_accuracy": 0.9532967032967032,
      "f1": 0.9510086455331412,
      "precision": 1.0,
      "recall_sensitivity": 0.9065934065934066,
      "specificity": 1.0,
      "ece": 0.0465096142072456,
      "tn": 674,
      "fp": 0,
      "fn": 85,
      "tp": 825,
      "auroc": 0.9845664721035641,
      "auprc": 0.9902901098129999
    }
  },
  "test_at_validation_selected_thresholds": {
    "balanced_accuracy": {
      "threshold": 0.15421989560127258,
      "accuracy": 0.9572057898049088,
      "balanced_accuracy": 0.959707366361612,
      "f1": 0.9610538373424972,
      "precision": 0.9835873388042204,
      "recall_sensitivity": 0.9395296752519597,
      "specificity": 0.9798850574712644,
      "ece": 0.08469793909681224,
      "tn": 682,
      "fp": 14,
      "fn": 54,
      "tp": 839,
      "auroc": 0.987817121674325,
      "auprc": 0.9925152225586833
    },
    "f1": {
      "threshold": 0.15421989560127258,
      "accuracy": 0.9572057898049088,
      "balanced_accuracy": 0.959707366361612,
      "f1": 0.9610538373424972,
      "precision": 0.9835873388042204,
      "recall_sensitivity": 0.9395296752519597,
      "specificity": 0.9798850574712644,
      "ece": 0.08469793909681224,
      "tn": 682,
      "fp": 14,
      "fn": 54,
      "tp": 839,
      "auroc": 0.987817121674325,
      "auprc": 0.9925152225586833
    },
    "youden": {
      "threshold": 0.15421989560127258,
      "accuracy": 0.9572057898049088,
      "balanced_accuracy": 0.959707366361612,
      "f1": 0.9610538373424972,
      "precision": 0.9835873388042204,
      "recall_sensitivity": 0.9395296752519597,
      "specificity": 0.9798850574712644,
      "ece": 0.08469793909681224,
      "tn": 682,
      "fp": 14,
      "fn": 54,
      "tp": 839,
      "auroc": 0.987817121674325,
      "auprc": 0.9925152225586833
    },
    "sensitivity_90": {
      "threshold": 0.16465938091278076,
      "accuracy": 0.9590937696664569,
      "balanced_accuracy": 0.9636058230683091,
      "f1": 0.9622312608948286,
      "precision": 1.0,
      "recall_sensitivity": 0.9272116461366181,
      "specificity": 1.0,
      "ece": 0.08469793909681224,
      "tn": 696,
      "fp": 0,
      "fn": 65,
      "tp": 828,
      "auroc": 0.987817121674325,
      "auprc": 0.9925152225586833
    }
  }
}