{
  "checkpoint": "runs/byol_resnet18_phash_e25_finetune_50pct_seed123_e10/best_model.pt",
  "split_csv": "metadata/splits_near_duplicate_aware_phash.csv",
  "validation_default": {
    "threshold": 0.5,
    "accuracy": 0.9406565656565656,
    "balanced_accuracy": 0.93026706231454,
    "f1": 0.9508881922675027,
    "precision": 0.9063745019920318,
    "recall_sensitivity": 1.0,
    "specificity": 0.8605341246290801,
    "ece": 0.03252440961218917,
    "tn": 580,
    "fp": 94,
    "fn": 0,
    "tp": 910,
    "auroc": 0.9997293507679265,
    "auprc": 0.9998057093617483
  },
  "test_default": {
    "threshold": 0.5,
    "accuracy": 0.9534298300818125,
    "balanced_accuracy": 0.9474730020208262,
    "f1": 0.9600431965442765,
    "precision": 0.927007299270073,
    "recall_sensitivity": 0.9955207166853304,
    "specificity": 0.8994252873563219,
    "ece": 0.04200751925927049,
    "tn": 626,
    "fp": 70,
    "fn": 4,
    "tp": 889,
    "auroc": 0.9981754643394987,
    "auprc": 0.9989203729841263
  },
  "validation_selected": {
    "balanced_accuracy": {
      "selected_threshold": 0.844508945941925,
      "threshold": 0.844508945941925,
      "accuracy": 0.9949494949494949,
      "balanced_accuracy": 0.9956043956043956,
      "f1": 0.9955849889624724,
      "precision": 1.0,
      "recall_sensitivity": 0.9912087912087912,
      "specificity": 1.0,
      "ece": 0.03252440961218917,
      "tn": 674,
      "fp": 0,
      "fn": 8,
      "tp": 902,
      "auroc": 0.9997293507679265,
      "auprc": 0.9998057093617483
    },
    "f1": {
      "selected_threshold": 0.844508945941925,
      "threshold": 0.844508945941925,
      "accuracy": 0.9949494949494949,
      "balanced_accuracy": 0.9956043956043956,
      "f1": 0.9955849889624724,
      "precision": 1.0,
      "recall_sensitivity": 0.9912087912087912,
      "specificity": 1.0,
      "ece": 0.03252440961218917,
      "tn": 674,
      "fp": 0,
      "fn": 8,
      "tp": 902,
      "auroc": 0.9997293507679265,
      "auprc": 0.9998057093617483
    },
    "youden": {
      "selected_threshold": 0.844508945941925,
      "threshold": 0.844508945941925,
      "accuracy": 0.9949494949494949,
      "balanced_accuracy": 0.9956043956043956,
      "f1": 0.9955849889624724,
      "precision": 1.0,
      "recall_sensitivity": 0.9912087912087912,
      "specificity": 1.0,
      "ece": 0.03252440961218917,
      "tn": 674,
      "fp": 0,
      "fn": 8,
      "tp": 902,
      "auroc": 0.9997293507679265,
      "auprc": 0.9998057093617483
    },
    "sensitivity_90": {
      "selected_threshold": 0.844508945941925,
      "threshold": 0.844508945941925,
      "accuracy": 0.9949494949494949,
      "balanced_accuracy": 0.9956043956043956,
      "f1": 0.9955849889624724,
      "precision": 1.0,
      "recall_sensitivity": 0.9912087912087912,
      "specificity": 1.0,
      "ece": 0.03252440961218917,
      "tn": 674,
      "fp": 0,
      "fn": 8,
      "tp": 902,
      "auroc": 0.9997293507679265,
      "auprc": 0.9998057093617483
    }
  },
  "test_at_validation_selected_thresholds": {
    "balanced_accuracy": {
      "threshold": 0.844508945941925,
      "accuracy": 0.9911894273127754,
      "balanced_accuracy": 0.9908934110772162,
      "f1": 0.9921700223713646,
      "precision": 0.9910614525139665,
      "recall_sensitivity": 0.9932810750279956,
      "specificity": 0.9885057471264368,
      "ece": 0.04200751925927049,
      "tn": 688,
      "fp": 8,
      "fn": 6,
      "tp": 887,
      "auroc": 0.9981754643394987,
      "auprc": 0.9989203729841263
    },
    "f1": {
      "threshold": 0.844508945941925,
      "accuracy": 0.9911894273127754,
      "balanced_accuracy": 0.9908934110772162,
      "f1": 0.9921700223713646,
      "precision": 0.9910614525139665,
      "recall_sensitivity": 0.9932810750279956,
      "specificity": 0.9885057471264368,
      "ece": 0.04200751925927049,
      "tn": 688,
      "fp": 8,
      "fn": 6,
      "tp": 887,
      "auroc": 0.9981754643394987,
      "auprc": 0.9989203729841263
    },
    "youden": {
      "threshold": 0.844508945941925,
      "accuracy": 0.9911894273127754,
      "balanced_accuracy": 0.9908934110772162,
      "f1": 0.9921700223713646,
      "precision": 0.9910614525139665,
      "recall_sensitivity": 0.9932810750279956,
      "specificity": 0.9885057471264368,
      "ece": 0.04200751925927049,
      "tn": 688,
      "fp": 8,
      "fn": 6,
      "tp": 887,
      "auroc": 0.9981754643394987,
      "auprc": 0.9989203729841263
    },
    "sensitivity_90": {
      "threshold": 0.844508945941925,
      "accuracy": 0.9911894273127754,
      "balanced_accuracy": 0.9908934110772162,
      "f1": 0.9921700223713646,
      "precision": 0.9910614525139665,
      "recall_sensitivity": 0.9932810750279956,
      "specificity": 0.9885057471264368,
      "ece": 0.04200751925927049,
      "tn": 688,
      "fp": 8,
      "fn": 6,
      "tp": 887,
      "auroc": 0.9981754643394987,
      "auprc": 0.9989203729841263
    }
  }
}