{
  "checkpoint": "runs/simclr_resnet18_phash_e25_finetune_10pct_e10/best_model.pt",
  "split_csv": "metadata/splits_near_duplicate_aware_phash.csv",
  "validation_default": {
    "threshold": 0.5,
    "accuracy": 0.961489898989899,
    "balanced_accuracy": 0.9664835164835165,
    "f1": 0.9653212052302445,
    "precision": 1.0,
    "recall_sensitivity": 0.932967032967033,
    "specificity": 1.0,
    "ece": 0.0363463428026686,
    "tn": 674,
    "fp": 0,
    "fn": 61,
    "tp": 849,
    "auroc": 0.9965369941631069,
    "auprc": 0.9977005651335061
  },
  "test_default": {
    "threshold": 0.5,
    "accuracy": 0.973568281938326,
    "balanced_accuracy": 0.9764837625979843,
    "f1": 0.9759174311926605,
    "precision": 1.0,
    "recall_sensitivity": 0.9529675251959686,
    "specificity": 1.0,
    "ece": 0.04882685178064414,
    "tn": 696,
    "fp": 0,
    "fn": 42,
    "tp": 851,
    "auroc": 0.9974804031354985,
    "auprc": 0.9985376133176171
  },
  "validation_selected": {
    "balanced_accuracy": {
      "selected_threshold": 0.19470001757144928,
      "threshold": 0.19470001757144928,
      "accuracy": 0.9779040404040404,
      "balanced_accuracy": 0.9769214465060162,
      "f1": 0.9808219178082191,
      "precision": 0.9781420765027322,
      "recall_sensitivity": 0.9835164835164835,
      "specificity": 0.9703264094955489,
      "ece": 0.0363463428026686,
      "tn": 654,
      "fp": 20,
      "fn": 15,
      "tp": 895,
      "auroc": 0.9965369941631069,
      "auprc": 0.9977005651335061
    },
    "f1": {
      "selected_threshold": 0.19470001757144928,
      "threshold": 0.19470001757144928,
      "accuracy": 0.9779040404040404,
      "balanced_accuracy": 0.9769214465060162,
      "f1": 0.9808219178082191,
      "precision": 0.9781420765027322,
      "recall_sensitivity": 0.9835164835164835,
      "specificity": 0.9703264094955489,
      "ece": 0.0363463428026686,
      "tn": 654,
      "fp": 20,
      "fn": 15,
      "tp": 895,
      "auroc": 0.9965369941631069,
      "auprc": 0.9977005651335061
    },
    "youden": {
      "selected_threshold": 0.19470001757144928,
      "threshold": 0.19470001757144928,
      "accuracy": 0.9779040404040404,
      "balanced_accuracy": 0.9769214465060162,
      "f1": 0.9808219178082191,
      "precision": 0.9781420765027322,
      "recall_sensitivity": 0.9835164835164835,
      "specificity": 0.9703264094955489,
      "ece": 0.0363463428026686,
      "tn": 654,
      "fp": 20,
      "fn": 15,
      "tp": 895,
      "auroc": 0.9965369941631069,
      "auprc": 0.9977005651335061
    },
    "sensitivity_90": {
      "selected_threshold": 0.39767032861709595,
      "threshold": 0.39767032861709595,
      "accuracy": 0.9690656565656566,
      "balanced_accuracy": 0.9730769230769231,
      "f1": 0.9723320158102767,
      "precision": 1.0,
      "recall_sensitivity": 0.9461538461538461,
      "specificity": 1.0,
      "ece": 0.0363463428026686,
      "tn": 674,
      "fp": 0,
      "fn": 49,
      "tp": 861,
      "auroc": 0.9965369941631069,
      "auprc": 0.9977005651335061
    }
  },
  "test_at_validation_selected_thresholds": {
    "balanced_accuracy": {
      "threshold": 0.19470001757144928,
      "accuracy": 0.9666456891126495,
      "balanced_accuracy": 0.9630346500881698,
      "f1": 0.9709589041095891,
      "precision": 0.9506437768240343,
      "recall_sensitivity": 0.9921612541993281,
      "specificity": 0.9339080459770115,
      "ece": 0.04882685178064414,
      "tn": 650,
      "fp": 46,
      "fn": 7,
      "tp": 886,
      "auroc": 0.9974804031354985,
      "auprc": 0.9985376133176171
    },
    "f1": {
      "threshold": 0.19470001757144928,
      "accuracy": 0.9666456891126495,
      "balanced_accuracy": 0.9630346500881698,
      "f1": 0.9709589041095891,
      "precision": 0.9506437768240343,
      "recall_sensitivity": 0.9921612541993281,
      "specificity": 0.9339080459770115,
      "ece": 0.04882685178064414,
      "tn": 650,
      "fp": 46,
      "fn": 7,
      "tp": 886,
      "auroc": 0.9974804031354985,
      "auprc": 0.9985376133176171
    },
    "youden": {
      "threshold": 0.19470001757144928,
      "accuracy": 0.9666456891126495,
      "balanced_accuracy": 0.9630346500881698,
      "f1": 0.9709589041095891,
      "precision": 0.9506437768240343,
      "recall_sensitivity": 0.9921612541993281,
      "specificity": 0.9339080459770115,
      "ece": 0.04882685178064414,
      "tn": 650,
      "fp": 46,
      "fn": 7,
      "tp": 886,
      "auroc": 0.9974804031354985,
      "auprc": 0.9985376133176171
    },
    "sensitivity_90": {
      "threshold": 0.39767032861709595,
      "accuracy": 0.9817495280050346,
      "balanced_accuracy": 0.9837625979843225,
      "f1": 0.983494593056346,
      "precision": 1.0,
      "recall_sensitivity": 0.9675251959686451,
      "specificity": 1.0,
      "ece": 0.04882685178064414,
      "tn": 696,
      "fp": 0,
      "fn": 29,
      "tp": 864,
      "auroc": 0.9974804031354985,
      "auprc": 0.9985376133176171
    }
  }
}