{
  "checkpoint": "runs/resnet18_supervised_phash_25pct_seed123_e1/best_model.pt",
  "split_csv": "metadata/splits_near_duplicate_aware_phash.csv",
  "validation_default": {
    "threshold": 0.5,
    "accuracy": 0.9305555555555556,
    "balanced_accuracy": 0.9395604395604396,
    "f1": 0.935672514619883,
    "precision": 1.0,
    "recall_sensitivity": 0.8791208791208791,
    "specificity": 1.0,
    "ece": 0.07284027196212929,
    "tn": 674,
    "fp": 0,
    "fn": 110,
    "tp": 800,
    "auroc": 0.9929859458049369,
    "auprc": 0.9951658166826143
  },
  "test_default": {
    "threshold": 0.5,
    "accuracy": 0.933291378225299,
    "balanced_accuracy": 0.9406494960806271,
    "f1": 0.9369047619047619,
    "precision": 1.0,
    "recall_sensitivity": 0.8812989921612542,
    "specificity": 1.0,
    "ece": 0.07308747595946244,
    "tn": 696,
    "fp": 0,
    "fn": 106,
    "tp": 787,
    "auroc": 0.9962125600133863,
    "auprc": 0.9974274695249905
  },
  "validation_selected": {
    "balanced_accuracy": {
      "selected_threshold": 0.16819089651107788,
      "threshold": 0.16819089651107788,
      "accuracy": 0.9589646464646465,
      "balanced_accuracy": 0.9585140378908925,
      "f1": 0.9641873278236914,
      "precision": 0.9668508287292817,
      "recall_sensitivity": 0.9615384615384616,
      "specificity": 0.9554896142433235,
      "ece": 0.07284027196212929,
      "tn": 644,
      "fp": 30,
      "fn": 35,
      "tp": 875,
      "auroc": 0.9929859458049369,
      "auprc": 0.9951658166826143
    },
    "f1": {
      "selected_threshold": 0.16819089651107788,
      "threshold": 0.16819089651107788,
      "accuracy": 0.9589646464646465,
      "balanced_accuracy": 0.9585140378908925,
      "f1": 0.9641873278236914,
      "precision": 0.9668508287292817,
      "recall_sensitivity": 0.9615384615384616,
      "specificity": 0.9554896142433235,
      "ece": 0.07284027196212929,
      "tn": 644,
      "fp": 30,
      "fn": 35,
      "tp": 875,
      "auroc": 0.9929859458049369,
      "auprc": 0.9951658166826143
    },
    "youden": {
      "selected_threshold": 0.16819089651107788,
      "threshold": 0.16819089651107788,
      "accuracy": 0.9589646464646465,
      "balanced_accuracy": 0.9585140378908925,
      "f1": 0.9641873278236914,
      "precision": 0.9668508287292817,
      "recall_sensitivity": 0.9615384615384616,
      "specificity": 0.9554896142433235,
      "ece": 0.07284027196212929,
      "tn": 644,
      "fp": 30,
      "fn": 35,
      "tp": 875,
      "auroc": 0.9929859458049369,
      "auprc": 0.9951658166826143
    },
    "sensitivity_90": {
      "selected_threshold": 0.24000339210033417,
      "threshold": 0.24000339210033417,
      "accuracy": 0.9425505050505051,
      "balanced_accuracy": 0.9484608862947141,
      "f1": 0.9478510028653295,
      "precision": 0.9904191616766467,
      "recall_sensitivity": 0.9087912087912088,
      "specificity": 0.9881305637982196,
      "ece": 0.07284027196212929,
      "tn": 666,
      "fp": 8,
      "fn": 83,
      "tp": 827,
      "auroc": 0.9929859458049369,
      "auprc": 0.9951658166826143
    }
  },
  "test_at_validation_selected_thresholds": {
    "balanced_accuracy": {
      "threshold": 0.16819089651107788,
      "accuracy": 0.9786028949024543,
      "balanced_accuracy": 0.9784273596684301,
      "f1": 0.9809417040358744,
      "precision": 0.9820426487093153,
      "recall_sensitivity": 0.9798432250839866,
      "specificity": 0.9770114942528736,
      "ece": 0.07308747595946244,
      "tn": 680,
      "fp": 16,
      "fn": 18,
      "tp": 875,
      "auroc": 0.9962125600133863,
      "auprc": 0.9974274695249905
    },
    "f1": {
      "threshold": 0.16819089651107788,
      "accuracy": 0.9786028949024543,
      "balanced_accuracy": 0.9784273596684301,
      "f1": 0.9809417040358744,
      "precision": 0.9820426487093153,
      "recall_sensitivity": 0.9798432250839866,
      "specificity": 0.9770114942528736,
      "ece": 0.07308747595946244,
      "tn": 680,
      "fp": 16,
      "fn": 18,
      "tp": 875,
      "auroc": 0.9962125600133863,
      "auprc": 0.9974274695249905
    },
    "youden": {
      "threshold": 0.16819089651107788,
      "accuracy": 0.9786028949024543,
      "balanced_accuracy": 0.9784273596684301,
      "f1": 0.9809417040358744,
      "precision": 0.9820426487093153,
      "recall_sensitivity": 0.9798432250839866,
      "specificity": 0.9770114942528736,
      "ece": 0.07308747595946244,
      "tn": 680,
      "fp": 16,
      "fn": 18,
      "tp": 875,
      "auroc": 0.9962125600133863,
      "auprc": 0.9974274695249905
    },
    "sensitivity_90": {
      "threshold": 0.24000339210033417,
      "accuracy": 0.960352422907489,
      "balanced_accuracy": 0.9644086831164485,
      "f1": 0.9635205558772437,
      "precision": 0.9976019184652278,
      "recall_sensitivity": 0.9316909294512878,
      "specificity": 0.9971264367816092,
      "ece": 0.07308747595946244,
      "tn": 694,
      "fp": 2,
      "fn": 61,
      "tp": 832,
      "auroc": 0.9962125600133863,
      "auprc": 0.9974274695249905
    }
  }
}