{
  "checkpoint": "runs/resnet18_supervised_phash_50pct_e10/best_model.pt",
  "split_csv": "metadata/splits_near_duplicate_aware_phash.csv",
  "validation_default": {
    "threshold": 0.5,
    "accuracy": 0.9987373737373737,
    "balanced_accuracy": 0.9989010989010989,
    "f1": 0.9988998899889989,
    "precision": 1.0,
    "recall_sensitivity": 0.9978021978021978,
    "specificity": 1.0,
    "ece": 0.0020441248268132086,
    "tn": 674,
    "fp": 0,
    "fn": 2,
    "tp": 908,
    "auroc": 0.9999869566635144,
    "auprc": 0.9999904235198354
  },
  "test_default": {
    "threshold": 0.5,
    "accuracy": 0.9905601006922593,
    "balanced_accuracy": 0.9896995791018264,
    "f1": 0.9916434540389972,
    "precision": 0.9866962305986696,
    "recall_sensitivity": 0.9966405375139977,
    "specificity": 0.9827586206896551,
    "ece": 0.006757242307779811,
    "tn": 684,
    "fp": 12,
    "fn": 3,
    "tp": 890,
    "auroc": 0.9990796874798883,
    "auprc": 0.9994285297662308
  },
  "validation_selected": {
    "balanced_accuracy": {
      "selected_threshold": 0.3283214271068573,
      "threshold": 0.3283214271068573,
      "accuracy": 0.9993686868686869,
      "balanced_accuracy": 0.9994505494505495,
      "f1": 0.999450247388675,
      "precision": 1.0,
      "recall_sensitivity": 0.9989010989010989,
      "specificity": 1.0,
      "ece": 0.0020441248268132086,
      "tn": 674,
      "fp": 0,
      "fn": 1,
      "tp": 909,
      "auroc": 0.9999869566635144,
      "auprc": 0.9999904235198354
    },
    "f1": {
      "selected_threshold": 0.3283214271068573,
      "threshold": 0.3283214271068573,
      "accuracy": 0.9993686868686869,
      "balanced_accuracy": 0.9994505494505495,
      "f1": 0.999450247388675,
      "precision": 1.0,
      "recall_sensitivity": 0.9989010989010989,
      "specificity": 1.0,
      "ece": 0.0020441248268132086,
      "tn": 674,
      "fp": 0,
      "fn": 1,
      "tp": 909,
      "auroc": 0.9999869566635144,
      "auprc": 0.9999904235198354
    },
    "youden": {
      "selected_threshold": 0.3283214271068573,
      "threshold": 0.3283214271068573,
      "accuracy": 0.9993686868686869,
      "balanced_accuracy": 0.9994505494505495,
      "f1": 0.999450247388675,
      "precision": 1.0,
      "recall_sensitivity": 0.9989010989010989,
      "specificity": 1.0,
      "ece": 0.0020441248268132086,
      "tn": 674,
      "fp": 0,
      "fn": 1,
      "tp": 909,
      "auroc": 0.9999869566635144,
      "auprc": 0.9999904235198354
    },
    "sensitivity_90": {
      "selected_threshold": 0.3283214271068573,
      "threshold": 0.3283214271068573,
      "accuracy": 0.9993686868686869,
      "balanced_accuracy": 0.9994505494505495,
      "f1": 0.999450247388675,
      "precision": 1.0,
      "recall_sensitivity": 0.9989010989010989,
      "specificity": 1.0,
      "ece": 0.0020441248268132086,
      "tn": 674,
      "fp": 0,
      "fn": 1,
      "tp": 909,
      "auroc": 0.9999869566635144,
      "auprc": 0.9999904235198354
    }
  },
  "test_at_validation_selected_thresholds": {
    "balanced_accuracy": {
      "threshold": 0.3283214271068573,
      "accuracy": 0.9905601006922593,
      "balanced_accuracy": 0.9896995791018264,
      "f1": 0.9916434540389972,
      "precision": 0.9866962305986696,
      "recall_sensitivity": 0.9966405375139977,
      "specificity": 0.9827586206896551,
      "ece": 0.006757242307779811,
      "tn": 684,
      "fp": 12,
      "fn": 3,
      "tp": 890,
      "auroc": 0.9990796874798883,
      "auprc": 0.9994285297662308
    },
    "f1": {
      "threshold": 0.3283214271068573,
      "accuracy": 0.9905601006922593,
      "balanced_accuracy": 0.9896995791018264,
      "f1": 0.9916434540389972,
      "precision": 0.9866962305986696,
      "recall_sensitivity": 0.9966405375139977,
      "specificity": 0.9827586206896551,
      "ece": 0.006757242307779811,
      "tn": 684,
      "fp": 12,
      "fn": 3,
      "tp": 890,
      "auroc": 0.9990796874798883,
      "auprc": 0.9994285297662308
    },
    "youden": {
      "threshold": 0.3283214271068573,
      "accuracy": 0.9905601006922593,
      "balanced_accuracy": 0.9896995791018264,
      "f1": 0.9916434540389972,
      "precision": 0.9866962305986696,
      "recall_sensitivity": 0.9966405375139977,
      "specificity": 0.9827586206896551,
      "ece": 0.006757242307779811,
      "tn": 684,
      "fp": 12,
      "fn": 3,
      "tp": 890,
      "auroc": 0.9990796874798883,
      "auprc": 0.9994285297662308
    },
    "sensitivity_90": {
      "threshold": 0.3283214271068573,
      "accuracy": 0.9905601006922593,
      "balanced_accuracy": 0.9896995791018264,
      "f1": 0.9916434540389972,
      "precision": 0.9866962305986696,
      "recall_sensitivity": 0.9966405375139977,
      "specificity": 0.9827586206896551,
      "ece": 0.006757242307779811,
      "tn": 684,
      "fp": 12,
      "fn": 3,
      "tp": 890,
      "auroc": 0.9990796874798883,
      "auprc": 0.9994285297662308
    }
  }
}