{
  "checkpoint": "runs/resnet18_supervised_phash_10pct_seed123_e1/best_model.pt",
  "split_csv": "metadata/splits_near_duplicate_aware_phash.csv",
  "validation_default": {
    "threshold": 0.5,
    "accuracy": 0.9154040404040404,
    "balanced_accuracy": 0.9263736263736264,
    "f1": 0.9205219454329775,
    "precision": 1.0,
    "recall_sensitivity": 0.8527472527472527,
    "specificity": 1.0,
    "ece": 0.2860059811347963,
    "tn": 674,
    "fp": 0,
    "fn": 134,
    "tp": 776,
    "auroc": 0.967590569667721,
    "auprc": 0.9810912742856308
  },
  "test_default": {
    "threshold": 0.5,
    "accuracy": 0.920704845814978,
    "balanced_accuracy": 0.9294512877939529,
    "f1": 0.9240963855421687,
    "precision": 1.0,
    "recall_sensitivity": 0.858902575587906,
    "specificity": 1.0,
    "ece": 0.2940813336753485,
    "tn": 696,
    "fp": 0,
    "fn": 126,
    "tp": 767,
    "auroc": 0.9740446126320939,
    "auprc": 0.9833156526497694
  },
  "validation_selected": {
    "balanced_accuracy": {
      "selected_threshold": 0.443881094455719,
      "threshold": 0.443881094455719,
      "accuracy": 0.9324494949494949,
      "balanced_accuracy": 0.9373610069455767,
      "f1": 0.9389617798060468,
      "precision": 0.9762752075919335,
      "recall_sensitivity": 0.9043956043956044,
      "specificity": 0.9703264094955489,
      "ece": 0.2860059811347963,
      "tn": 654,
      "fp": 20,
      "fn": 87,
      "tp": 823,
      "auroc": 0.967590569667721,
      "auprc": 0.9810912742856308
    },
    "f1": {
      "selected_threshold": 0.443881094455719,
      "threshold": 0.443881094455719,
      "accuracy": 0.9324494949494949,
      "balanced_accuracy": 0.9373610069455767,
      "f1": 0.9389617798060468,
      "precision": 0.9762752075919335,
      "recall_sensitivity": 0.9043956043956044,
      "specificity": 0.9703264094955489,
      "ece": 0.2860059811347963,
      "tn": 654,
      "fp": 20,
      "fn": 87,
      "tp": 823,
      "auroc": 0.967590569667721,
      "auprc": 0.9810912742856308
    },
    "youden": {
      "selected_threshold": 0.443881094455719,
      "threshold": 0.443881094455719,
      "accuracy": 0.9324494949494949,
      "balanced_accuracy": 0.9373610069455767,
      "f1": 0.9389617798060468,
      "precision": 0.9762752075919335,
      "recall_sensitivity": 0.9043956043956044,
      "specificity": 0.9703264094955489,
      "ece": 0.2860059811347963,
      "tn": 654,
      "fp": 20,
      "fn": 87,
      "tp": 823,
      "auroc": 0.967590569667721,
      "auprc": 0.9810912742856308
    },
    "sensitivity_90": {
      "selected_threshold": 0.443881094455719,
      "threshold": 0.443881094455719,
      "accuracy": 0.9324494949494949,
      "balanced_accuracy": 0.9373610069455767,
      "f1": 0.9389617798060468,
      "precision": 0.9762752075919335,
      "recall_sensitivity": 0.9043956043956044,
      "specificity": 0.9703264094955489,
      "ece": 0.2860059811347963,
      "tn": 654,
      "fp": 20,
      "fn": 87,
      "tp": 823,
      "auroc": 0.967590569667721,
      "auprc": 0.9810912742856308
    }
  },
  "test_at_validation_selected_thresholds": {
    "balanced_accuracy": {
      "threshold": 0.443881094455719,
      "accuracy": 0.920704845814978,
      "balanced_accuracy": 0.9240629545249772,
      "f1": 0.9270833333333334,
      "precision": 0.9592814371257485,
      "recall_sensitivity": 0.896976483762598,
      "specificity": 0.9511494252873564,
      "ece": 0.2940813336753485,
      "tn": 662,
      "fp": 34,
      "fn": 92,
      "tp": 801,
      "auroc": 0.9740446126320939,
      "auprc": 0.9833156526497694
    },
    "f1": {
      "threshold": 0.443881094455719,
      "accuracy": 0.920704845814978,
      "balanced_accuracy": 0.9240629545249772,
      "f1": 0.9270833333333334,
      "precision": 0.9592814371257485,
      "recall_sensitivity": 0.896976483762598,
      "specificity": 0.9511494252873564,
      "ece": 0.2940813336753485,
      "tn": 662,
      "fp": 34,
      "fn": 92,
      "tp": 801,
      "auroc": 0.9740446126320939,
      "auprc": 0.9833156526497694
    },
    "youden": {
      "threshold": 0.443881094455719,
      "accuracy": 0.920704845814978,
      "balanced_accuracy": 0.9240629545249772,
      "f1": 0.9270833333333334,
      "precision": 0.9592814371257485,
      "recall_sensitivity": 0.896976483762598,
      "specificity": 0.9511494252873564,
      "ece": 0.2940813336753485,
      "tn": 662,
      "fp": 34,
      "fn": 92,
      "tp": 801,
      "auroc": 0.9740446126320939,
      "auprc": 0.9833156526497694
    },
    "sensitivity_90": {
      "threshold": 0.443881094455719,
      "accuracy": 0.920704845814978,
      "balanced_accuracy": 0.9240629545249772,
      "f1": 0.9270833333333334,
      "precision": 0.9592814371257485,
      "recall_sensitivity": 0.896976483762598,
      "specificity": 0.9511494252873564,
      "ece": 0.2940813336753485,
      "tn": 662,
      "fp": 34,
      "fn": 92,
      "tp": 801,
      "auroc": 0.9740446126320939,
      "auprc": 0.9833156526497694
    }
  }
}