{
  "checkpoint": "runs/resnet18_supervised_phash_50pct_seed7_e10/best_model.pt",
  "split_csv": "metadata/splits_near_duplicate_aware_phash.csv",
  "validation_default": {
    "threshold": 0.5,
    "accuracy": 0.9993686868686869,
    "balanced_accuracy": 0.9994505494505495,
    "f1": 0.999450247388675,
    "precision": 1.0,
    "recall_sensitivity": 0.9989010989010989,
    "specificity": 1.0,
    "ece": 0.002452337136220733,
    "tn": 674,
    "fp": 0,
    "fn": 1,
    "tp": 909,
    "auroc": 0.9999902174976358,
    "auprc": 0.9999928019578674
  },
  "test_default": {
    "threshold": 0.5,
    "accuracy": 0.9905601006922593,
    "balanced_accuracy": 0.9896995791018264,
    "f1": 0.9916434540389972,
    "precision": 0.9866962305986696,
    "recall_sensitivity": 0.9966405375139977,
    "specificity": 0.9827586206896551,
    "ece": 0.005838184573817511,
    "tn": 684,
    "fp": 12,
    "fn": 3,
    "tp": 890,
    "auroc": 0.9990957768596105,
    "auprc": 0.999438862611521
  },
  "validation_selected": {
    "balanced_accuracy": {
      "selected_threshold": 0.5931321978569031,
      "threshold": 0.5931321978569031,
      "accuracy": 0.9993686868686869,
      "balanced_accuracy": 0.9994505494505495,
      "f1": 0.999450247388675,
      "precision": 1.0,
      "recall_sensitivity": 0.9989010989010989,
      "specificity": 1.0,
      "ece": 0.002452337136220733,
      "tn": 674,
      "fp": 0,
      "fn": 1,
      "tp": 909,
      "auroc": 0.9999902174976358,
      "auprc": 0.9999928019578674
    },
    "f1": {
      "selected_threshold": 0.5931321978569031,
      "threshold": 0.5931321978569031,
      "accuracy": 0.9993686868686869,
      "balanced_accuracy": 0.9994505494505495,
      "f1": 0.999450247388675,
      "precision": 1.0,
      "recall_sensitivity": 0.9989010989010989,
      "specificity": 1.0,
      "ece": 0.002452337136220733,
      "tn": 674,
      "fp": 0,
      "fn": 1,
      "tp": 909,
      "auroc": 0.9999902174976358,
      "auprc": 0.9999928019578674
    },
    "youden": {
      "selected_threshold": 0.5931321978569031,
      "threshold": 0.5931321978569031,
      "accuracy": 0.9993686868686869,
      "balanced_accuracy": 0.9994505494505495,
      "f1": 0.999450247388675,
      "precision": 1.0,
      "recall_sensitivity": 0.9989010989010989,
      "specificity": 1.0,
      "ece": 0.002452337136220733,
      "tn": 674,
      "fp": 0,
      "fn": 1,
      "tp": 909,
      "auroc": 0.9999902174976358,
      "auprc": 0.9999928019578674
    },
    "sensitivity_90": {
      "selected_threshold": 0.5931321978569031,
      "threshold": 0.5931321978569031,
      "accuracy": 0.9993686868686869,
      "balanced_accuracy": 0.9994505494505495,
      "f1": 0.999450247388675,
      "precision": 1.0,
      "recall_sensitivity": 0.9989010989010989,
      "specificity": 1.0,
      "ece": 0.002452337136220733,
      "tn": 674,
      "fp": 0,
      "fn": 1,
      "tp": 909,
      "auroc": 0.9999902174976358,
      "auprc": 0.9999928019578674
    }
  },
  "test_at_validation_selected_thresholds": {
    "balanced_accuracy": {
      "threshold": 0.5931321978569031,
      "accuracy": 0.9905601006922593,
      "balanced_accuracy": 0.9896995791018264,
      "f1": 0.9916434540389972,
      "precision": 0.9866962305986696,
      "recall_sensitivity": 0.9966405375139977,
      "specificity": 0.9827586206896551,
      "ece": 0.005838184573817511,
      "tn": 684,
      "fp": 12,
      "fn": 3,
      "tp": 890,
      "auroc": 0.9990957768596105,
      "auprc": 0.999438862611521
    },
    "f1": {
      "threshold": 0.5931321978569031,
      "accuracy": 0.9905601006922593,
      "balanced_accuracy": 0.9896995791018264,
      "f1": 0.9916434540389972,
      "precision": 0.9866962305986696,
      "recall_sensitivity": 0.9966405375139977,
      "specificity": 0.9827586206896551,
      "ece": 0.005838184573817511,
      "tn": 684,
      "fp": 12,
      "fn": 3,
      "tp": 890,
      "auroc": 0.9990957768596105,
      "auprc": 0.999438862611521
    },
    "youden": {
      "threshold": 0.5931321978569031,
      "accuracy": 0.9905601006922593,
      "balanced_accuracy": 0.9896995791018264,
      "f1": 0.9916434540389972,
      "precision": 0.9866962305986696,
      "recall_sensitivity": 0.9966405375139977,
      "specificity": 0.9827586206896551,
      "ece": 0.005838184573817511,
      "tn": 684,
      "fp": 12,
      "fn": 3,
      "tp": 890,
      "auroc": 0.9990957768596105,
      "auprc": 0.999438862611521
    },
    "sensitivity_90": {
      "threshold": 0.5931321978569031,
      "accuracy": 0.9905601006922593,
      "balanced_accuracy": 0.9896995791018264,
      "f1": 0.9916434540389972,
      "precision": 0.9866962305986696,
      "recall_sensitivity": 0.9966405375139977,
      "specificity": 0.9827586206896551,
      "ece": 0.005838184573817511,
      "tn": 684,
      "fp": 12,
      "fn": 3,
      "tp": 890,
      "auroc": 0.9990957768596105,
      "auprc": 0.999438862611521
    }
  }
}