{
  "checkpoint": "runs/simclr_resnet18_phash_e25_finetune_50pct_e25/best_model.pt",
  "split_csv": "metadata/splits_near_duplicate_aware_phash.csv",
  "validation_default": {
    "threshold": 0.5,
    "accuracy": 0.9981060606060606,
    "balanced_accuracy": 0.9983516483516484,
    "f1": 0.9983489268024216,
    "precision": 1.0,
    "recall_sensitivity": 0.9967032967032967,
    "specificity": 1.0,
    "ece": 0.004816805689389801,
    "tn": 674,
    "fp": 0,
    "fn": 3,
    "tp": 907,
    "auroc": 0.9999771741611504,
    "auprc": 0.9999833499833499
  },
  "test_default": {
    "threshold": 0.5,
    "accuracy": 0.9943360604153556,
    "balanced_accuracy": 0.9940099239294127,
    "f1": 0.994969256567915,
    "precision": 0.9933035714285714,
    "recall_sensitivity": 0.9966405375139977,
    "specificity": 0.9913793103448276,
    "ece": 0.008841349208036005,
    "tn": 690,
    "fp": 6,
    "fn": 3,
    "tp": 890,
    "auroc": 0.9991730058822773,
    "auprc": 0.9994671328277482
  },
  "validation_selected": {
    "balanced_accuracy": {
      "selected_threshold": 0.13010834157466888,
      "threshold": 0.13010834157466888,
      "accuracy": 0.9993686868686869,
      "balanced_accuracy": 0.9994505494505495,
      "f1": 0.999450247388675,
      "precision": 1.0,
      "recall_sensitivity": 0.9989010989010989,
      "specificity": 1.0,
      "ece": 0.004816805689389801,
      "tn": 674,
      "fp": 0,
      "fn": 1,
      "tp": 909,
      "auroc": 0.9999771741611504,
      "auprc": 0.9999833499833499
    },
    "f1": {
      "selected_threshold": 0.13010834157466888,
      "threshold": 0.13010834157466888,
      "accuracy": 0.9993686868686869,
      "balanced_accuracy": 0.9994505494505495,
      "f1": 0.999450247388675,
      "precision": 1.0,
      "recall_sensitivity": 0.9989010989010989,
      "specificity": 1.0,
      "ece": 0.004816805689389801,
      "tn": 674,
      "fp": 0,
      "fn": 1,
      "tp": 909,
      "auroc": 0.9999771741611504,
      "auprc": 0.9999833499833499
    },
    "youden": {
      "selected_threshold": 0.13010834157466888,
      "threshold": 0.13010834157466888,
      "accuracy": 0.9993686868686869,
      "balanced_accuracy": 0.9994505494505495,
      "f1": 0.999450247388675,
      "precision": 1.0,
      "recall_sensitivity": 0.9989010989010989,
      "specificity": 1.0,
      "ece": 0.004816805689389801,
      "tn": 674,
      "fp": 0,
      "fn": 1,
      "tp": 909,
      "auroc": 0.9999771741611504,
      "auprc": 0.9999833499833499
    },
    "sensitivity_90": {
      "selected_threshold": 0.13010834157466888,
      "threshold": 0.13010834157466888,
      "accuracy": 0.9993686868686869,
      "balanced_accuracy": 0.9994505494505495,
      "f1": 0.999450247388675,
      "precision": 1.0,
      "recall_sensitivity": 0.9989010989010989,
      "specificity": 1.0,
      "ece": 0.004816805689389801,
      "tn": 674,
      "fp": 0,
      "fn": 1,
      "tp": 909,
      "auroc": 0.9999771741611504,
      "auprc": 0.9999833499833499
    }
  },
  "test_at_validation_selected_thresholds": {
    "balanced_accuracy": {
      "threshold": 0.13010834157466888,
      "accuracy": 0.9842668344870988,
      "balanced_accuracy": 0.9825156710558494,
      "f1": 0.9861495844875346,
      "precision": 0.9758771929824561,
      "recall_sensitivity": 0.9966405375139977,
      "specificity": 0.9683908045977011,
      "ece": 0.008841349208036005,
      "tn": 674,
      "fp": 22,
      "fn": 3,
      "tp": 890,
      "auroc": 0.9991730058822773,
      "auprc": 0.9994671328277482
    },
    "f1": {
      "threshold": 0.13010834157466888,
      "accuracy": 0.9842668344870988,
      "balanced_accuracy": 0.9825156710558494,
      "f1": 0.9861495844875346,
      "precision": 0.9758771929824561,
      "recall_sensitivity": 0.9966405375139977,
      "specificity": 0.9683908045977011,
      "ece": 0.008841349208036005,
      "tn": 674,
      "fp": 22,
      "fn": 3,
      "tp": 890,
      "auroc": 0.9991730058822773,
      "auprc": 0.9994671328277482
    },
    "youden": {
      "threshold": 0.13010834157466888,
      "accuracy": 0.9842668344870988,
      "balanced_accuracy": 0.9825156710558494,
      "f1": 0.9861495844875346,
      "precision": 0.9758771929824561,
      "recall_sensitivity": 0.9966405375139977,
      "specificity": 0.9683908045977011,
      "ece": 0.008841349208036005,
      "tn": 674,
      "fp": 22,
      "fn": 3,
      "tp": 890,
      "auroc": 0.9991730058822773,
      "auprc": 0.9994671328277482
    },
    "sensitivity_90": {
      "threshold": 0.13010834157466888,
      "accuracy": 0.9842668344870988,
      "balanced_accuracy": 0.9825156710558494,
      "f1": 0.9861495844875346,
      "precision": 0.9758771929824561,
      "recall_sensitivity": 0.9966405375139977,
      "specificity": 0.9683908045977011,
      "ece": 0.008841349208036005,
      "tn": 674,
      "fp": 22,
      "fn": 3,
      "tp": 890,
      "auroc": 0.9991730058822773,
      "auprc": 0.9994671328277482
    }
  }
}