{
  "checkpoint": "runs/byol_resnet18_phash_e25_finetune_10pct_seed7_e10/best_model.pt",
  "split_csv": "metadata/splits_near_duplicate_aware_phash.csv",
  "validation_default": {
    "threshold": 0.5,
    "accuracy": 0.9564393939393939,
    "balanced_accuracy": 0.9516988945772329,
    "f1": 0.9628832705755783,
    "precision": 0.9430979978925185,
    "recall_sensitivity": 0.9835164835164835,
    "specificity": 0.9198813056379822,
    "ece": 0.05264353637264298,
    "tn": 620,
    "fp": 54,
    "fn": 15,
    "tp": 895,
    "auroc": 0.9915153096161999,
    "auprc": 0.9948177864673899
  },
  "test_default": {
    "threshold": 0.5,
    "accuracy": 0.9320327249842668,
    "balanced_accuracy": 0.9246325185671442,
    "f1": 0.9421221864951769,
    "precision": 0.9033915724563206,
    "recall_sensitivity": 0.9843225083986562,
    "specificity": 0.8649425287356322,
    "ece": 0.07466956705108166,
    "tn": 602,
    "fp": 94,
    "fn": 14,
    "tp": 879,
    "auroc": 0.9937412312880515,
    "auprc": 0.9964223902587986
  },
  "validation_selected": {
    "balanced_accuracy": {
      "selected_threshold": 0.7345640659332275,
      "threshold": 0.7345640659332275,
      "accuracy": 0.9539141414141414,
      "balanced_accuracy": 0.9598901098901098,
      "f1": 0.9582140812821981,
      "precision": 1.0,
      "recall_sensitivity": 0.9197802197802197,
      "specificity": 1.0,
      "ece": 0.05264353637264298,
      "tn": 674,
      "fp": 0,
      "fn": 73,
      "tp": 837,
      "auroc": 0.9915153096161999,
      "auprc": 0.9948177864673899
    },
    "f1": {
      "selected_threshold": 0.44147729873657227,
      "threshold": 0.44147729873657227,
      "accuracy": 0.9602272727272727,
      "balanced_accuracy": 0.9549955978739362,
      "f1": 0.9662198391420912,
      "precision": 0.9434554973821989,
      "recall_sensitivity": 0.9901098901098901,
      "specificity": 0.9198813056379822,
      "ece": 0.05264353637264298,
      "tn": 620,
      "fp": 54,
      "fn": 9,
      "tp": 901,
      "auroc": 0.9915153096161999,
      "auprc": 0.9948177864673899
    },
    "youden": {
      "selected_threshold": 0.7345640659332275,
      "threshold": 0.7345640659332275,
      "accuracy": 0.9539141414141414,
      "balanced_accuracy": 0.9598901098901098,
      "f1": 0.9582140812821981,
      "precision": 1.0,
      "recall_sensitivity": 0.9197802197802197,
      "specificity": 1.0,
      "ece": 0.05264353637264298,
      "tn": 674,
      "fp": 0,
      "fn": 73,
      "tp": 837,
      "auroc": 0.9915153096161999,
      "auprc": 0.9948177864673899
    },
    "sensitivity_90": {
      "selected_threshold": 0.7345640659332275,
      "threshold": 0.7345640659332275,
      "accuracy": 0.9539141414141414,
      "balanced_accuracy": 0.9598901098901098,
      "f1": 0.9582140812821981,
      "precision": 1.0,
      "recall_sensitivity": 0.9197802197802197,
      "specificity": 1.0,
      "ece": 0.05264353637264298,
      "tn": 674,
      "fp": 0,
      "fn": 73,
      "tp": 837,
      "auroc": 0.9915153096161999,
      "auprc": 0.9948177864673899
    }
  },
  "test_at_validation_selected_thresholds": {
    "balanced_accuracy": {
      "threshold": 0.7345640659332275,
      "accuracy": 0.9723096286972939,
      "balanced_accuracy": 0.975363941769317,
      "f1": 0.9747416762342136,
      "precision": 1.0,
      "recall_sensitivity": 0.9507278835386338,
      "specificity": 1.0,
      "ece": 0.07466956705108166,
      "tn": 696,
      "fp": 0,
      "fn": 44,
      "tp": 849,
      "auroc": 0.9937412312880515,
      "auprc": 0.9964223902587986
    },
    "f1": {
      "threshold": 0.44147729873657227,
      "accuracy": 0.9162995594713657,
      "balanced_accuracy": 0.9055633857203538,
      "f1": 0.9301837270341208,
      "precision": 0.8754940711462451,
      "recall_sensitivity": 0.9921612541993281,
      "specificity": 0.8189655172413793,
      "ece": 0.07466956705108166,
      "tn": 570,
      "fp": 126,
      "fn": 7,
      "tp": 886,
      "auroc": 0.9937412312880515,
      "auprc": 0.9964223902587986
    },
    "youden": {
      "threshold": 0.7345640659332275,
      "accuracy": 0.9723096286972939,
      "balanced_accuracy": 0.975363941769317,
      "f1": 0.9747416762342136,
      "precision": 1.0,
      "recall_sensitivity": 0.9507278835386338,
      "specificity": 1.0,
      "ece": 0.07466956705108166,
      "tn": 696,
      "fp": 0,
      "fn": 44,
      "tp": 849,
      "auroc": 0.9937412312880515,
      "auprc": 0.9964223902587986
    },
    "sensitivity_90": {
      "threshold": 0.7345640659332275,
      "accuracy": 0.9723096286972939,
      "balanced_accuracy": 0.975363941769317,
      "f1": 0.9747416762342136,
      "precision": 1.0,
      "recall_sensitivity": 0.9507278835386338,
      "specificity": 1.0,
      "ece": 0.07466956705108166,
      "tn": 696,
      "fp": 0,
      "fn": 44,
      "tp": 849,
      "auroc": 0.9937412312880515,
      "auprc": 0.9964223902587986
    }
  }
}