{
  "checkpoint": "runs/byol_resnet18_phash_e25_finetune_10pct_seed123_e10/best_model.pt",
  "split_csv": "metadata/splits_near_duplicate_aware_phash.csv",
  "validation_default": {
    "threshold": 0.5,
    "accuracy": 0.92739898989899,
    "balanced_accuracy": 0.9368131868131868,
    "f1": 0.9325513196480938,
    "precision": 1.0,
    "recall_sensitivity": 0.8736263736263736,
    "specificity": 1.0,
    "ece": 0.05271435573854663,
    "tn": 674,
    "fp": 0,
    "fn": 115,
    "tp": 795,
    "auroc": 0.9926207323833437,
    "auprc": 0.9953254424426461
  },
  "test_default": {
    "threshold": 0.5,
    "accuracy": 0.9364380113278792,
    "balanced_accuracy": 0.9434490481522957,
    "f1": 0.9400593471810089,
    "precision": 1.0,
    "recall_sensitivity": 0.8868980963045913,
    "specificity": 1.0,
    "ece": 0.04860846889178904,
    "tn": 696,
    "fp": 0,
    "fn": 101,
    "tp": 792,
    "auroc": 0.9916174331647167,
    "auprc": 0.9949036757357752
  },
  "validation_selected": {
    "balanced_accuracy": {
      "selected_threshold": 0.2527848780155182,
      "threshold": 0.2527848780155182,
      "accuracy": 0.9621212121212122,
      "balanced_accuracy": 0.9612612906381452,
      "f1": 0.967032967032967,
      "precision": 0.967032967032967,
      "recall_sensitivity": 0.967032967032967,
      "specificity": 0.9554896142433235,
      "ece": 0.05271435573854663,
      "tn": 644,
      "fp": 30,
      "fn": 30,
      "tp": 880,
      "auroc": 0.9926207323833437,
      "auprc": 0.9953254424426461
    },
    "f1": {
      "selected_threshold": 0.2527848780155182,
      "threshold": 0.2527848780155182,
      "accuracy": 0.9621212121212122,
      "balanced_accuracy": 0.9612612906381452,
      "f1": 0.967032967032967,
      "precision": 0.967032967032967,
      "recall_sensitivity": 0.967032967032967,
      "specificity": 0.9554896142433235,
      "ece": 0.05271435573854663,
      "tn": 644,
      "fp": 30,
      "fn": 30,
      "tp": 880,
      "auroc": 0.9926207323833437,
      "auprc": 0.9953254424426461
    },
    "youden": {
      "selected_threshold": 0.2527848780155182,
      "threshold": 0.2527848780155182,
      "accuracy": 0.9621212121212122,
      "balanced_accuracy": 0.9612612906381452,
      "f1": 0.967032967032967,
      "precision": 0.967032967032967,
      "recall_sensitivity": 0.967032967032967,
      "specificity": 0.9554896142433235,
      "ece": 0.05271435573854663,
      "tn": 644,
      "fp": 30,
      "fn": 30,
      "tp": 880,
      "auroc": 0.9926207323833437,
      "auprc": 0.9953254424426461
    },
    "sensitivity_90": {
      "selected_threshold": 0.32598066329956055,
      "threshold": 0.32598066329956055,
      "accuracy": 0.9545454545454546,
      "balanced_accuracy": 0.9604395604395604,
      "f1": 0.9588100686498856,
      "precision": 1.0,
      "recall_sensitivity": 0.9208791208791208,
      "specificity": 1.0,
      "ece": 0.05271435573854663,
      "tn": 674,
      "fp": 0,
      "fn": 72,
      "tp": 838,
      "auroc": 0.9926207323833437,
      "auprc": 0.9953254424426461
    }
  },
  "test_at_validation_selected_thresholds": {
    "balanced_accuracy": {
      "threshold": 0.2527848780155182,
      "accuracy": 0.948395217117684,
      "balanced_accuracy": 0.9439446010477404,
      "f1": 0.9552401746724891,
      "precision": 0.9318423855165069,
      "recall_sensitivity": 0.9798432250839866,
      "specificity": 0.9080459770114943,
      "ece": 0.04860846889178904,
      "tn": 632,
      "fp": 64,
      "fn": 18,
      "tp": 875,
      "auroc": 0.9916174331647167,
      "auprc": 0.9949036757357752
    },
    "f1": {
      "threshold": 0.2527848780155182,
      "accuracy": 0.948395217117684,
      "balanced_accuracy": 0.9439446010477404,
      "f1": 0.9552401746724891,
      "precision": 0.9318423855165069,
      "recall_sensitivity": 0.9798432250839866,
      "specificity": 0.9080459770114943,
      "ece": 0.04860846889178904,
      "tn": 632,
      "fp": 64,
      "fn": 18,
      "tp": 875,
      "auroc": 0.9916174331647167,
      "auprc": 0.9949036757357752
    },
    "youden": {
      "threshold": 0.2527848780155182,
      "accuracy": 0.948395217117684,
      "balanced_accuracy": 0.9439446010477404,
      "f1": 0.9552401746724891,
      "precision": 0.9318423855165069,
      "recall_sensitivity": 0.9798432250839866,
      "specificity": 0.9080459770114943,
      "ece": 0.04860846889178904,
      "tn": 632,
      "fp": 64,
      "fn": 18,
      "tp": 875,
      "auroc": 0.9916174331647167,
      "auprc": 0.9949036757357752
    },
    "sensitivity_90": {
      "threshold": 0.32598066329956055,
      "accuracy": 0.9559471365638766,
      "balanced_accuracy": 0.9573197024108326,
      "f1": 0.9602272727272727,
      "precision": 0.9746251441753172,
      "recall_sensitivity": 0.9462486002239642,
      "specificity": 0.9683908045977011,
      "ece": 0.04860846889178904,
      "tn": 674,
      "fp": 22,
      "fn": 48,
      "tp": 845,
      "auroc": 0.9916174331647167,
      "auprc": 0.9949036757357752
    }
  }
}