{
  "checkpoint": "runs/resnet18_supervised_phash_10pct_seed7_e10/best_model.pt",
  "split_csv": "metadata/splits_near_duplicate_aware_phash.csv",
  "validation_default": {
    "threshold": 0.5,
    "accuracy": 0.9772727272727273,
    "balanced_accuracy": 0.97483288225128,
    "f1": 0.9804347826086957,
    "precision": 0.9698924731182795,
    "recall_sensitivity": 0.9912087912087912,
    "specificity": 0.9584569732937686,
    "ece": 0.029266701940893397,
    "tn": 646,
    "fp": 28,
    "fn": 8,
    "tp": 902,
    "auroc": 0.9988293605504288,
    "auprc": 0.9991883886873231
  },
  "test_default": {
    "threshold": 0.5,
    "accuracy": 0.9710509754562618,
    "balanced_accuracy": 0.9679049053300897,
    "f1": 0.9747252747252747,
    "precision": 0.9568500539374326,
    "recall_sensitivity": 0.9932810750279956,
    "specificity": 0.9425287356321839,
    "ece": 0.020683755117815512,
    "tn": 656,
    "fp": 40,
    "fn": 6,
    "tp": 887,
    "auroc": 0.9973162914623315,
    "auprc": 0.998171367371687
  },
  "validation_selected": {
    "balanced_accuracy": {
      "selected_threshold": 0.8434635996818542,
      "threshold": 0.8434635996818542,
      "accuracy": 0.9842171717171717,
      "balanced_accuracy": 0.9862637362637363,
      "f1": 0.9860724233983287,
      "precision": 1.0,
      "recall_sensitivity": 0.9725274725274725,
      "specificity": 1.0,
      "ece": 0.029266701940893397,
      "tn": 674,
      "fp": 0,
      "fn": 25,
      "tp": 885,
      "auroc": 0.9988293605504288,
      "auprc": 0.9991883886873231
    },
    "f1": {
      "selected_threshold": 0.5411961078643799,
      "threshold": 0.5411961078643799,
      "accuracy": 0.9867424242424242,
      "balanced_accuracy": 0.9861528679036098,
      "f1": 0.988480526604498,
      "precision": 0.9868565169769989,
      "recall_sensitivity": 0.9901098901098901,
      "specificity": 0.9821958456973294,
      "ece": 0.029266701940893397,
      "tn": 662,
      "fp": 12,
      "fn": 9,
      "tp": 901,
      "auroc": 0.9988293605504288,
      "auprc": 0.9991883886873231
    },
    "youden": {
      "selected_threshold": 0.8434635996818542,
      "threshold": 0.8434635996818542,
      "accuracy": 0.9842171717171717,
      "balanced_accuracy": 0.9862637362637363,
      "f1": 0.9860724233983287,
      "precision": 1.0,
      "recall_sensitivity": 0.9725274725274725,
      "specificity": 1.0,
      "ece": 0.029266701940893397,
      "tn": 674,
      "fp": 0,
      "fn": 25,
      "tp": 885,
      "auroc": 0.9988293605504288,
      "auprc": 0.9991883886873231
    },
    "sensitivity_90": {
      "selected_threshold": 0.8434635996818542,
      "threshold": 0.8434635996818542,
      "accuracy": 0.9842171717171717,
      "balanced_accuracy": 0.9862637362637363,
      "f1": 0.9860724233983287,
      "precision": 1.0,
      "recall_sensitivity": 0.9725274725274725,
      "specificity": 1.0,
      "ece": 0.029266701940893397,
      "tn": 674,
      "fp": 0,
      "fn": 25,
      "tp": 885,
      "auroc": 0.9988293605504288,
      "auprc": 0.9991883886873231
    }
  },
  "test_at_validation_selected_thresholds": {
    "balanced_accuracy": {
      "threshold": 0.8434635996818542,
      "accuracy": 0.9660163624921334,
      "balanced_accuracy": 0.9669121906012279,
      "f1": 0.9694570135746606,
      "precision": 0.9794285714285714,
      "recall_sensitivity": 0.9596864501679732,
      "specificity": 0.9741379310344828,
      "ece": 0.020683755117815512,
      "tn": 678,
      "fp": 18,
      "fn": 36,
      "tp": 857,
      "auroc": 0.9973162914623315,
      "auprc": 0.998171367371687
    },
    "f1": {
      "threshold": 0.5411961078643799,
      "accuracy": 0.9741976085588421,
      "balanced_accuracy": 0.9719723005238702,
      "f1": 0.9773355444997236,
      "precision": 0.9650655021834061,
      "recall_sensitivity": 0.9899216125419933,
      "specificity": 0.9540229885057471,
      "ece": 0.020683755117815512,
      "tn": 664,
      "fp": 32,
      "fn": 9,
      "tp": 884,
      "auroc": 0.9973162914623315,
      "auprc": 0.998171367371687
    },
    "youden": {
      "threshold": 0.8434635996818542,
      "accuracy": 0.9660163624921334,
      "balanced_accuracy": 0.9669121906012279,
      "f1": 0.9694570135746606,
      "precision": 0.9794285714285714,
      "recall_sensitivity": 0.9596864501679732,
      "specificity": 0.9741379310344828,
      "ece": 0.020683755117815512,
      "tn": 678,
      "fp": 18,
      "fn": 36,
      "tp": 857,
      "auroc": 0.9973162914623315,
      "auprc": 0.998171367371687
    },
    "sensitivity_90": {
      "threshold": 0.8434635996818542,
      "accuracy": 0.9660163624921334,
      "balanced_accuracy": 0.9669121906012279,
      "f1": 0.9694570135746606,
      "precision": 0.9794285714285714,
      "recall_sensitivity": 0.9596864501679732,
      "specificity": 0.9741379310344828,
      "ece": 0.020683755117815512,
      "tn": 678,
      "fp": 18,
      "fn": 36,
      "tp": 857,
      "auroc": 0.9973162914623315,
      "auprc": 0.998171367371687
    }
  }
}