{
  "checkpoint": "runs/simclr_resnet18_phash_e25_finetune_25pct_seed123_e1/best_model.pt",
  "split_csv": "metadata/splits_near_duplicate_aware_phash.csv",
  "validation_default": {
    "threshold": 0.5,
    "accuracy": 0.9154040404040404,
    "balanced_accuracy": 0.9263736263736264,
    "f1": 0.9205219454329775,
    "precision": 1.0,
    "recall_sensitivity": 0.8527472527472527,
    "specificity": 1.0,
    "ece": 0.03599177682866355,
    "tn": 674,
    "fp": 0,
    "fn": 134,
    "tp": 776,
    "auroc": 0.984406691231617,
    "auprc": 0.9902037727766206
  },
  "test_default": {
    "threshold": 0.5,
    "accuracy": 0.9238514789175583,
    "balanced_accuracy": 0.9322508398656215,
    "f1": 0.9273273273273274,
    "precision": 1.0,
    "recall_sensitivity": 0.864501679731243,
    "specificity": 1.0,
    "ece": 0.04559082361940431,
    "tn": 696,
    "fp": 0,
    "fn": 121,
    "tp": 772,
    "auroc": 0.986137390431324,
    "auprc": 0.9911425188277265
  },
  "validation_selected": {
    "balanced_accuracy": {
      "selected_threshold": 0.18364928662776947,
      "threshold": 0.18364928662776947,
      "accuracy": 0.94760101010101,
      "balanced_accuracy": 0.9543956043956043,
      "f1": 0.952216465169833,
      "precision": 1.0,
      "recall_sensitivity": 0.9087912087912088,
      "specificity": 1.0,
      "ece": 0.03599177682866355,
      "tn": 674,
      "fp": 0,
      "fn": 83,
      "tp": 827,
      "auroc": 0.984406691231617,
      "auprc": 0.9902037727766206
    },
    "f1": {
      "selected_threshold": 0.18364928662776947,
      "threshold": 0.18364928662776947,
      "accuracy": 0.94760101010101,
      "balanced_accuracy": 0.9543956043956043,
      "f1": 0.952216465169833,
      "precision": 1.0,
      "recall_sensitivity": 0.9087912087912088,
      "specificity": 1.0,
      "ece": 0.03599177682866355,
      "tn": 674,
      "fp": 0,
      "fn": 83,
      "tp": 827,
      "auroc": 0.984406691231617,
      "auprc": 0.9902037727766206
    },
    "youden": {
      "selected_threshold": 0.18364928662776947,
      "threshold": 0.18364928662776947,
      "accuracy": 0.94760101010101,
      "balanced_accuracy": 0.9543956043956043,
      "f1": 0.952216465169833,
      "precision": 1.0,
      "recall_sensitivity": 0.9087912087912088,
      "specificity": 1.0,
      "ece": 0.03599177682866355,
      "tn": 674,
      "fp": 0,
      "fn": 83,
      "tp": 827,
      "auroc": 0.984406691231617,
      "auprc": 0.9902037727766206
    },
    "sensitivity_90": {
      "selected_threshold": 0.18364928662776947,
      "threshold": 0.18364928662776947,
      "accuracy": 0.94760101010101,
      "balanced_accuracy": 0.9543956043956043,
      "f1": 0.952216465169833,
      "precision": 1.0,
      "recall_sensitivity": 0.9087912087912088,
      "specificity": 1.0,
      "ece": 0.03599177682866355,
      "tn": 674,
      "fp": 0,
      "fn": 83,
      "tp": 827,
      "auroc": 0.984406691231617,
      "auprc": 0.9902037727766206
    }
  },
  "test_at_validation_selected_thresholds": {
    "balanced_accuracy": {
      "threshold": 0.18364928662776947,
      "accuracy": 0.9389553178099433,
      "balanced_accuracy": 0.9415681996627666,
      "f1": 0.9442848937392303,
      "precision": 0.9693396226415094,
      "recall_sensitivity": 0.9204927211646137,
      "specificity": 0.9626436781609196,
      "ece": 0.04559082361940431,
      "tn": 670,
      "fp": 26,
      "fn": 71,
      "tp": 822,
      "auroc": 0.986137390431324,
      "auprc": 0.9911425188277265
    },
    "f1": {
      "threshold": 0.18364928662776947,
      "accuracy": 0.9389553178099433,
      "balanced_accuracy": 0.9415681996627666,
      "f1": 0.9442848937392303,
      "precision": 0.9693396226415094,
      "recall_sensitivity": 0.9204927211646137,
      "specificity": 0.9626436781609196,
      "ece": 0.04559082361940431,
      "tn": 670,
      "fp": 26,
      "fn": 71,
      "tp": 822,
      "auroc": 0.986137390431324,
      "auprc": 0.9911425188277265
    },
    "youden": {
      "threshold": 0.18364928662776947,
      "accuracy": 0.9389553178099433,
      "balanced_accuracy": 0.9415681996627666,
      "f1": 0.9442848937392303,
      "precision": 0.9693396226415094,
      "recall_sensitivity": 0.9204927211646137,
      "specificity": 0.9626436781609196,
      "ece": 0.04559082361940431,
      "tn": 670,
      "fp": 26,
      "fn": 71,
      "tp": 822,
      "auroc": 0.986137390431324,
      "auprc": 0.9911425188277265
    },
    "sensitivity_90": {
      "threshold": 0.18364928662776947,
      "accuracy": 0.9389553178099433,
      "balanced_accuracy": 0.9415681996627666,
      "f1": 0.9442848937392303,
      "precision": 0.9693396226415094,
      "recall_sensitivity": 0.9204927211646137,
      "specificity": 0.9626436781609196,
      "ece": 0.04559082361940431,
      "tn": 670,
      "fp": 26,
      "fn": 71,
      "tp": 822,
      "auroc": 0.986137390431324,
      "auprc": 0.9911425188277265
    }
  }
}