{
  "checkpoint": "runs/simclr_resnet18_phash_e25_finetune_10pct_e1/best_model.pt",
  "split_csv": "metadata/splits_near_duplicate_aware_phash.csv",
  "validation_default": {
    "threshold": 0.5,
    "accuracy": 0.92739898989899,
    "balanced_accuracy": 0.9368131868131868,
    "f1": 0.9325513196480938,
    "precision": 1.0,
    "recall_sensitivity": 0.8736263736263736,
    "specificity": 1.0,
    "ece": 0.21707982353565067,
    "tn": 674,
    "fp": 0,
    "fn": 115,
    "tp": 795,
    "auroc": 0.956265692764209,
    "auprc": 0.9770954809303711
  },
  "test_default": {
    "threshold": 0.5,
    "accuracy": 0.9307740717432348,
    "balanced_accuracy": 0.9384098544232923,
    "f1": 0.9343675417661098,
    "precision": 1.0,
    "recall_sensitivity": 0.8768197088465846,
    "specificity": 1.0,
    "ece": 0.22500621774535723,
    "tn": 696,
    "fp": 0,
    "fn": 110,
    "tp": 783,
    "auroc": 0.9711099097707586,
    "auprc": 0.983666489455364
  },
  "validation_selected": {
    "balanced_accuracy": {
      "selected_threshold": 0.4211175739765167,
      "threshold": 0.4211175739765167,
      "accuracy": 0.9400252525252525,
      "balanced_accuracy": 0.9466478625232335,
      "f1": 0.945308002302821,
      "precision": 0.992744860943168,
      "recall_sensitivity": 0.9021978021978022,
      "specificity": 0.9910979228486647,
      "ece": 0.21707982353565067,
      "tn": 668,
      "fp": 6,
      "fn": 89,
      "tp": 821,
      "auroc": 0.956265692764209,
      "auprc": 0.9770954809303711
    },
    "f1": {
      "selected_threshold": 0.4211175739765167,
      "threshold": 0.4211175739765167,
      "accuracy": 0.9400252525252525,
      "balanced_accuracy": 0.9466478625232335,
      "f1": 0.945308002302821,
      "precision": 0.992744860943168,
      "recall_sensitivity": 0.9021978021978022,
      "specificity": 0.9910979228486647,
      "ece": 0.21707982353565067,
      "tn": 668,
      "fp": 6,
      "fn": 89,
      "tp": 821,
      "auroc": 0.956265692764209,
      "auprc": 0.9770954809303711
    },
    "youden": {
      "selected_threshold": 0.4211175739765167,
      "threshold": 0.4211175739765167,
      "accuracy": 0.9400252525252525,
      "balanced_accuracy": 0.9466478625232335,
      "f1": 0.945308002302821,
      "precision": 0.992744860943168,
      "recall_sensitivity": 0.9021978021978022,
      "specificity": 0.9910979228486647,
      "ece": 0.21707982353565067,
      "tn": 668,
      "fp": 6,
      "fn": 89,
      "tp": 821,
      "auroc": 0.956265692764209,
      "auprc": 0.9770954809303711
    },
    "sensitivity_90": {
      "selected_threshold": 0.4211175739765167,
      "threshold": 0.4211175739765167,
      "accuracy": 0.9400252525252525,
      "balanced_accuracy": 0.9466478625232335,
      "f1": 0.945308002302821,
      "precision": 0.992744860943168,
      "recall_sensitivity": 0.9021978021978022,
      "specificity": 0.9910979228486647,
      "ece": 0.21707982353565067,
      "tn": 668,
      "fp": 6,
      "fn": 89,
      "tp": 821,
      "auroc": 0.956265692764209,
      "auprc": 0.9770954809303711
    }
  },
  "test_at_validation_selected_thresholds": {
    "balanced_accuracy": {
      "threshold": 0.4211175739765167,
      "accuracy": 0.9534298300818125,
      "balanced_accuracy": 0.9585666293393057,
      "f1": 0.9567757009345794,
      "precision": 1.0,
      "recall_sensitivity": 0.9171332586786114,
      "specificity": 1.0,
      "ece": 0.22500621774535723,
      "tn": 696,
      "fp": 0,
      "fn": 74,
      "tp": 819,
      "auroc": 0.9711099097707586,
      "auprc": 0.983666489455364
    },
    "f1": {
      "threshold": 0.4211175739765167,
      "accuracy": 0.9534298300818125,
      "balanced_accuracy": 0.9585666293393057,
      "f1": 0.9567757009345794,
      "precision": 1.0,
      "recall_sensitivity": 0.9171332586786114,
      "specificity": 1.0,
      "ece": 0.22500621774535723,
      "tn": 696,
      "fp": 0,
      "fn": 74,
      "tp": 819,
      "auroc": 0.9711099097707586,
      "auprc": 0.983666489455364
    },
    "youden": {
      "threshold": 0.4211175739765167,
      "accuracy": 0.9534298300818125,
      "balanced_accuracy": 0.9585666293393057,
      "f1": 0.9567757009345794,
      "precision": 1.0,
      "recall_sensitivity": 0.9171332586786114,
      "specificity": 1.0,
      "ece": 0.22500621774535723,
      "tn": 696,
      "fp": 0,
      "fn": 74,
      "tp": 819,
      "auroc": 0.9711099097707586,
      "auprc": 0.983666489455364
    },
    "sensitivity_90": {
      "threshold": 0.4211175739765167,
      "accuracy": 0.9534298300818125,
      "balanced_accuracy": 0.9585666293393057,
      "f1": 0.9567757009345794,
      "precision": 1.0,
      "recall_sensitivity": 0.9171332586786114,
      "specificity": 1.0,
      "ece": 0.22500621774535723,
      "tn": 696,
      "fp": 0,
      "fn": 74,
      "tp": 819,
      "auroc": 0.9711099097707586,
      "auprc": 0.983666489455364
    }
  }
}