{
  "checkpoint": "runs/resnet18_supervised_phash_50pct_e5/best_model.pt",
  "split_csv": "metadata/splits_near_duplicate_aware_phash.csv",
  "validation_default": {
    "threshold": 0.5,
    "accuracy": 0.9930555555555556,
    "balanced_accuracy": 0.993956043956044,
    "f1": 0.9939192924267551,
    "precision": 1.0,
    "recall_sensitivity": 0.987912087912088,
    "specificity": 1.0,
    "ece": 0.008255248933227398,
    "tn": 674,
    "fp": 0,
    "fn": 11,
    "tp": 899,
    "auroc": 0.999973913327029,
    "auprc": 0.9999810125080104
  },
  "test_default": {
    "threshold": 0.5,
    "accuracy": 0.9949653870358716,
    "balanced_accuracy": 0.9955207166853304,
    "f1": 0.9955005624296963,
    "precision": 1.0,
    "recall_sensitivity": 0.9910414333706606,
    "specificity": 1.0,
    "ece": 0.007317424802461404,
    "tn": 696,
    "fp": 0,
    "fn": 8,
    "tp": 885,
    "auroc": 0.999481921972944,
    "auprc": 0.9996483219465855
  },
  "validation_selected": {
    "balanced_accuracy": {
      "selected_threshold": 0.25167250633239746,
      "threshold": 0.25167250633239746,
      "accuracy": 0.9993686868686869,
      "balanced_accuracy": 0.9994505494505495,
      "f1": 0.999450247388675,
      "precision": 1.0,
      "recall_sensitivity": 0.9989010989010989,
      "specificity": 1.0,
      "ece": 0.008255248933227398,
      "tn": 674,
      "fp": 0,
      "fn": 1,
      "tp": 909,
      "auroc": 0.999973913327029,
      "auprc": 0.9999810125080104
    },
    "f1": {
      "selected_threshold": 0.25167250633239746,
      "threshold": 0.25167250633239746,
      "accuracy": 0.9993686868686869,
      "balanced_accuracy": 0.9994505494505495,
      "f1": 0.999450247388675,
      "precision": 1.0,
      "recall_sensitivity": 0.9989010989010989,
      "specificity": 1.0,
      "ece": 0.008255248933227398,
      "tn": 674,
      "fp": 0,
      "fn": 1,
      "tp": 909,
      "auroc": 0.999973913327029,
      "auprc": 0.9999810125080104
    },
    "youden": {
      "selected_threshold": 0.25167250633239746,
      "threshold": 0.25167250633239746,
      "accuracy": 0.9993686868686869,
      "balanced_accuracy": 0.9994505494505495,
      "f1": 0.999450247388675,
      "precision": 1.0,
      "recall_sensitivity": 0.9989010989010989,
      "specificity": 1.0,
      "ece": 0.008255248933227398,
      "tn": 674,
      "fp": 0,
      "fn": 1,
      "tp": 909,
      "auroc": 0.999973913327029,
      "auprc": 0.9999810125080104
    },
    "sensitivity_90": {
      "selected_threshold": 0.25167250633239746,
      "threshold": 0.25167250633239746,
      "accuracy": 0.9993686868686869,
      "balanced_accuracy": 0.9994505494505495,
      "f1": 0.999450247388675,
      "precision": 1.0,
      "recall_sensitivity": 0.9989010989010989,
      "specificity": 1.0,
      "ece": 0.008255248933227398,
      "tn": 674,
      "fp": 0,
      "fn": 1,
      "tp": 909,
      "auroc": 0.999973913327029,
      "auprc": 0.9999810125080104
    }
  },
  "test_at_validation_selected_thresholds": {
    "balanced_accuracy": {
      "threshold": 0.25167250633239746,
      "accuracy": 0.9981120201384519,
      "balanced_accuracy": 0.9983202687569989,
      "f1": 0.9983174425126192,
      "precision": 1.0,
      "recall_sensitivity": 0.9966405375139977,
      "specificity": 1.0,
      "ece": 0.007317424802461404,
      "tn": 696,
      "fp": 0,
      "fn": 3,
      "tp": 890,
      "auroc": 0.999481921972944,
      "auprc": 0.9996483219465855
    },
    "f1": {
      "threshold": 0.25167250633239746,
      "accuracy": 0.9981120201384519,
      "balanced_accuracy": 0.9983202687569989,
      "f1": 0.9983174425126192,
      "precision": 1.0,
      "recall_sensitivity": 0.9966405375139977,
      "specificity": 1.0,
      "ece": 0.007317424802461404,
      "tn": 696,
      "fp": 0,
      "fn": 3,
      "tp": 890,
      "auroc": 0.999481921972944,
      "auprc": 0.9996483219465855
    },
    "youden": {
      "threshold": 0.25167250633239746,
      "accuracy": 0.9981120201384519,
      "balanced_accuracy": 0.9983202687569989,
      "f1": 0.9983174425126192,
      "precision": 1.0,
      "recall_sensitivity": 0.9966405375139977,
      "specificity": 1.0,
      "ece": 0.007317424802461404,
      "tn": 696,
      "fp": 0,
      "fn": 3,
      "tp": 890,
      "auroc": 0.999481921972944,
      "auprc": 0.9996483219465855
    },
    "sensitivity_90": {
      "threshold": 0.25167250633239746,
      "accuracy": 0.9981120201384519,
      "balanced_accuracy": 0.9983202687569989,
      "f1": 0.9983174425126192,
      "precision": 1.0,
      "recall_sensitivity": 0.9966405375139977,
      "specificity": 1.0,
      "ece": 0.007317424802461404,
      "tn": 696,
      "fp": 0,
      "fn": 3,
      "tp": 890,
      "auroc": 0.999481921972944,
      "auprc": 0.9996483219465855
    }
  }
}