{
  "checkpoint": "runs/simclr_resnet18_phash_e25_finetune_10pct_seed123_e1/best_model.pt",
  "split_csv": "metadata/splits_near_duplicate_aware_phash.csv",
  "validation_default": {
    "threshold": 0.5,
    "accuracy": 0.9223484848484849,
    "balanced_accuracy": 0.9254915707437963,
    "f1": 0.9304691916336914,
    "precision": 0.9580908032596042,
    "recall_sensitivity": 0.9043956043956044,
    "specificity": 0.9465875370919882,
    "ece": 0.23345907119977655,
    "tn": 638,
    "fp": 36,
    "fn": 87,
    "tp": 823,
    "auroc": 0.9826230149672286,
    "auprc": 0.9894174782537566
  },
  "test_default": {
    "threshold": 0.5,
    "accuracy": 0.960352422907489,
    "balanced_accuracy": 0.9634578007748645,
    "f1": 0.9637722829212191,
    "precision": 0.9905437352245863,
    "recall_sensitivity": 0.9384098544232923,
    "specificity": 0.9885057471264368,
    "ece": 0.26975930273495363,
    "tn": 688,
    "fp": 8,
    "fn": 55,
    "tp": 838,
    "auroc": 0.9855646085132126,
    "auprc": 0.9915272045951928
  },
  "validation_selected": {
    "balanced_accuracy": {
      "selected_threshold": 0.5523571372032166,
      "threshold": 0.5523571372032166,
      "accuracy": 0.9299242424242424,
      "balanced_accuracy": 0.939010989010989,
      "f1": 0.9350497366881217,
      "precision": 1.0,
      "recall_sensitivity": 0.878021978021978,
      "specificity": 1.0,
      "ece": 0.23345907119977655,
      "tn": 674,
      "fp": 0,
      "fn": 111,
      "tp": 799,
      "auroc": 0.9826230149672286,
      "auprc": 0.9894174782537566
    },
    "f1": {
      "selected_threshold": 0.4544632136821747,
      "threshold": 0.4544632136821747,
      "accuracy": 0.9368686868686869,
      "balanced_accuracy": 0.9331268138389801,
      "f1": 0.9457700650759219,
      "precision": 0.9336188436830836,
      "recall_sensitivity": 0.9582417582417583,
      "specificity": 0.9080118694362018,
      "ece": 0.23345907119977655,
      "tn": 612,
      "fp": 62,
      "fn": 38,
      "tp": 872,
      "auroc": 0.9826230149672286,
      "auprc": 0.9894174782537566
    },
    "youden": {
      "selected_threshold": 0.5523571372032166,
      "threshold": 0.5523571372032166,
      "accuracy": 0.9299242424242424,
      "balanced_accuracy": 0.939010989010989,
      "f1": 0.9350497366881217,
      "precision": 1.0,
      "recall_sensitivity": 0.878021978021978,
      "specificity": 1.0,
      "ece": 0.23345907119977655,
      "tn": 674,
      "fp": 0,
      "fn": 111,
      "tp": 799,
      "auroc": 0.9826230149672286,
      "auprc": 0.9894174782537566
    },
    "sensitivity_90": {
      "selected_threshold": 0.4799032509326935,
      "threshold": 0.4799032509326935,
      "accuracy": 0.9349747474747475,
      "balanced_accuracy": 0.9364805817328072,
      "f1": 0.9424259362772499,
      "precision": 0.9590443686006825,
      "recall_sensitivity": 0.9263736263736264,
      "specificity": 0.9465875370919882,
      "ece": 0.23345907119977655,
      "tn": 638,
      "fp": 36,
      "fn": 67,
      "tp": 843,
      "auroc": 0.9826230149672286,
      "auprc": 0.9894174782537566
    }
  },
  "test_at_validation_selected_thresholds": {
    "balanced_accuracy": {
      "threshold": 0.5523571372032166,
      "accuracy": 0.9446192573945877,
      "balanced_accuracy": 0.9507278835386338,
      "f1": 0.9481743227326266,
      "precision": 1.0,
      "recall_sensitivity": 0.9014557670772676,
      "specificity": 1.0,
      "ece": 0.26975930273495363,
      "tn": 696,
      "fp": 0,
      "fn": 88,
      "tp": 805,
      "auroc": 0.9855646085132126,
      "auprc": 0.9915272045951928
    },
    "f1": {
      "threshold": 0.4544632136821747,
      "accuracy": 0.9326620516047829,
      "balanced_accuracy": 0.9274111544451739,
      "f1": 0.9418162044589451,
      "precision": 0.9154334038054969,
      "recall_sensitivity": 0.9697648376259799,
      "specificity": 0.8850574712643678,
      "ece": 0.26975930273495363,
      "tn": 616,
      "fp": 80,
      "fn": 27,
      "tp": 866,
      "auroc": 0.9855646085132126,
      "auprc": 0.9915272045951928
    },
    "youden": {
      "threshold": 0.5523571372032166,
      "accuracy": 0.9446192573945877,
      "balanced_accuracy": 0.9507278835386338,
      "f1": 0.9481743227326266,
      "precision": 1.0,
      "recall_sensitivity": 0.9014557670772676,
      "specificity": 1.0,
      "ece": 0.26975930273495363,
      "tn": 696,
      "fp": 0,
      "fn": 88,
      "tp": 805,
      "auroc": 0.9855646085132126,
      "auprc": 0.9915272045951928
    },
    "sensitivity_90": {
      "threshold": 0.4799032509326935,
      "accuracy": 0.9515418502202643,
      "balanced_accuracy": 0.9508646432662728,
      "f1": 0.9568627450980393,
      "precision": 0.9573991031390134,
      "recall_sensitivity": 0.9563269876819709,
      "specificity": 0.9454022988505747,
      "ece": 0.26975930273495363,
      "tn": 658,
      "fp": 38,
      "fn": 39,
      "tp": 854,
      "auroc": 0.9855646085132126,
      "auprc": 0.9915272045951928
    }
  }
}