{
  "checkpoint": "runs/byol_resnet18_phash_e25_finetune_50pct_e10/best_model.pt",
  "split_csv": "metadata/splits_near_duplicate_aware_phash.csv",
  "validation_default": {
    "threshold": 0.5,
    "accuracy": 0.9886363636363636,
    "balanced_accuracy": 0.9870316626993185,
    "f1": 0.990185387131952,
    "precision": 0.9826839826839827,
    "recall_sensitivity": 0.9978021978021978,
    "specificity": 0.9762611275964391,
    "ece": 0.03231947307615729,
    "tn": 658,
    "fp": 16,
    "fn": 2,
    "tp": 908,
    "auroc": 0.9997326116020478,
    "auprc": 0.9998102181949174
  },
  "test_default": {
    "threshold": 0.5,
    "accuracy": 0.9817495280050346,
    "balanced_accuracy": 0.9796421078374586,
    "f1": 0.9839690436705362,
    "precision": 0.9716157205240175,
    "recall_sensitivity": 0.9966405375139977,
    "specificity": 0.9626436781609196,
    "ece": 0.027604498972857175,
    "tn": 670,
    "fp": 26,
    "fn": 3,
    "tp": 890,
    "auroc": 0.9984779446782769,
    "auprc": 0.9991193152693502
  },
  "validation_selected": {
    "balanced_accuracy": {
      "selected_threshold": 0.6433063745498657,
      "threshold": 0.6433063745498657,
      "accuracy": 0.9962121212121212,
      "balanced_accuracy": 0.9967032967032967,
      "f1": 0.9966923925027563,
      "precision": 1.0,
      "recall_sensitivity": 0.9934065934065934,
      "specificity": 1.0,
      "ece": 0.03231947307615729,
      "tn": 674,
      "fp": 0,
      "fn": 6,
      "tp": 904,
      "auroc": 0.9997326116020478,
      "auprc": 0.9998102181949174
    },
    "f1": {
      "selected_threshold": 0.6433063745498657,
      "threshold": 0.6433063745498657,
      "accuracy": 0.9962121212121212,
      "balanced_accuracy": 0.9967032967032967,
      "f1": 0.9966923925027563,
      "precision": 1.0,
      "recall_sensitivity": 0.9934065934065934,
      "specificity": 1.0,
      "ece": 0.03231947307615729,
      "tn": 674,
      "fp": 0,
      "fn": 6,
      "tp": 904,
      "auroc": 0.9997326116020478,
      "auprc": 0.9998102181949174
    },
    "youden": {
      "selected_threshold": 0.6433063745498657,
      "threshold": 0.6433063745498657,
      "accuracy": 0.9962121212121212,
      "balanced_accuracy": 0.9967032967032967,
      "f1": 0.9966923925027563,
      "precision": 1.0,
      "recall_sensitivity": 0.9934065934065934,
      "specificity": 1.0,
      "ece": 0.03231947307615729,
      "tn": 674,
      "fp": 0,
      "fn": 6,
      "tp": 904,
      "auroc": 0.9997326116020478,
      "auprc": 0.9998102181949174
    },
    "sensitivity_90": {
      "selected_threshold": 0.6433063745498657,
      "threshold": 0.6433063745498657,
      "accuracy": 0.9962121212121212,
      "balanced_accuracy": 0.9967032967032967,
      "f1": 0.9966923925027563,
      "precision": 1.0,
      "recall_sensitivity": 0.9934065934065934,
      "specificity": 1.0,
      "ece": 0.03231947307615729,
      "tn": 674,
      "fp": 0,
      "fn": 6,
      "tp": 904,
      "auroc": 0.9997326116020478,
      "auprc": 0.9998102181949174
    }
  },
  "test_at_validation_selected_thresholds": {
    "balanced_accuracy": {
      "threshold": 0.6433063745498657,
      "accuracy": 0.9937067337948395,
      "balanced_accuracy": 0.993450013515079,
      "f1": 0.9944071588366891,
      "precision": 0.9932960893854749,
      "recall_sensitivity": 0.9955207166853304,
      "specificity": 0.9913793103448276,
      "ece": 0.027604498972857175,
      "tn": 690,
      "fp": 6,
      "fn": 4,
      "tp": 889,
      "auroc": 0.9984779446782769,
      "auprc": 0.9991193152693502
    },
    "f1": {
      "threshold": 0.6433063745498657,
      "accuracy": 0.9937067337948395,
      "balanced_accuracy": 0.993450013515079,
      "f1": 0.9944071588366891,
      "precision": 0.9932960893854749,
      "recall_sensitivity": 0.9955207166853304,
      "specificity": 0.9913793103448276,
      "ece": 0.027604498972857175,
      "tn": 690,
      "fp": 6,
      "fn": 4,
      "tp": 889,
      "auroc": 0.9984779446782769,
      "auprc": 0.9991193152693502
    },
    "youden": {
      "threshold": 0.6433063745498657,
      "accuracy": 0.9937067337948395,
      "balanced_accuracy": 0.993450013515079,
      "f1": 0.9944071588366891,
      "precision": 0.9932960893854749,
      "recall_sensitivity": 0.9955207166853304,
      "specificity": 0.9913793103448276,
      "ece": 0.027604498972857175,
      "tn": 690,
      "fp": 6,
      "fn": 4,
      "tp": 889,
      "auroc": 0.9984779446782769,
      "auprc": 0.9991193152693502
    },
    "sensitivity_90": {
      "threshold": 0.6433063745498657,
      "accuracy": 0.9937067337948395,
      "balanced_accuracy": 0.993450013515079,
      "f1": 0.9944071588366891,
      "precision": 0.9932960893854749,
      "recall_sensitivity": 0.9955207166853304,
      "specificity": 0.9913793103448276,
      "ece": 0.027604498972857175,
      "tn": 690,
      "fp": 6,
      "fn": 4,
      "tp": 889,
      "auroc": 0.9984779446782769,
      "auprc": 0.9991193152693502
    }
  }
}