{
  "checkpoint": "runs/resnet18_supervised_phash_10pct_e10/best_model.pt",
  "split_csv": "metadata/splits_near_duplicate_aware_phash.csv",
  "validation_default": {
    "threshold": 0.5,
    "accuracy": 0.9848484848484849,
    "balanced_accuracy": 0.9825806241236508,
    "f1": 0.9869565217391304,
    "precision": 0.9763440860215054,
    "recall_sensitivity": 0.9978021978021978,
    "specificity": 0.9673590504451038,
    "ece": 0.01602264169889742,
    "tn": 652,
    "fp": 22,
    "fn": 2,
    "tp": 908,
    "auroc": 0.9995206573841589,
    "auprc": 0.9996636183729226
  },
  "test_default": {
    "threshold": 0.5,
    "accuracy": 0.9855254877281309,
    "balanced_accuracy": 0.9836354918845168,
    "f1": 0.9872717210846708,
    "precision": 0.975929978118162,
    "recall_sensitivity": 0.9988801791713325,
    "specificity": 0.9683908045977011,
    "ece": 0.018759399075468818,
    "tn": 674,
    "fp": 22,
    "fn": 1,
    "tp": 892,
    "auroc": 0.9988737434194437,
    "auprc": 0.9994484161515635
  },
  "validation_selected": {
    "balanced_accuracy": {
      "selected_threshold": 0.7567132711410522,
      "threshold": 0.7567132711410522,
      "accuracy": 0.9917929292929293,
      "balanced_accuracy": 0.9928571428571429,
      "f1": 0.9928057553956835,
      "precision": 1.0,
      "recall_sensitivity": 0.9857142857142858,
      "specificity": 1.0,
      "ece": 0.01602264169889742,
      "tn": 674,
      "fp": 0,
      "fn": 13,
      "tp": 897,
      "auroc": 0.9995206573841589,
      "auprc": 0.9996636183729226
    },
    "f1": {
      "selected_threshold": 0.7567132711410522,
      "threshold": 0.7567132711410522,
      "accuracy": 0.9917929292929293,
      "balanced_accuracy": 0.9928571428571429,
      "f1": 0.9928057553956835,
      "precision": 1.0,
      "recall_sensitivity": 0.9857142857142858,
      "specificity": 1.0,
      "ece": 0.01602264169889742,
      "tn": 674,
      "fp": 0,
      "fn": 13,
      "tp": 897,
      "auroc": 0.9995206573841589,
      "auprc": 0.9996636183729226
    },
    "youden": {
      "selected_threshold": 0.7567132711410522,
      "threshold": 0.7567132711410522,
      "accuracy": 0.9917929292929293,
      "balanced_accuracy": 0.9928571428571429,
      "f1": 0.9928057553956835,
      "precision": 1.0,
      "recall_sensitivity": 0.9857142857142858,
      "specificity": 1.0,
      "ece": 0.01602264169889742,
      "tn": 674,
      "fp": 0,
      "fn": 13,
      "tp": 897,
      "auroc": 0.9995206573841589,
      "auprc": 0.9996636183729226
    },
    "sensitivity_90": {
      "selected_threshold": 0.7567132711410522,
      "threshold": 0.7567132711410522,
      "accuracy": 0.9917929292929293,
      "balanced_accuracy": 0.9928571428571429,
      "f1": 0.9928057553956835,
      "precision": 1.0,
      "recall_sensitivity": 0.9857142857142858,
      "specificity": 1.0,
      "ece": 0.01602264169889742,
      "tn": 674,
      "fp": 0,
      "fn": 13,
      "tp": 897,
      "auroc": 0.9995206573841589,
      "auprc": 0.9996636183729226
    }
  },
  "test_at_validation_selected_thresholds": {
    "balanced_accuracy": {
      "threshold": 0.7567132711410522,
      "accuracy": 0.9911894273127754,
      "balanced_accuracy": 0.9908934110772162,
      "f1": 0.9921700223713646,
      "precision": 0.9910614525139665,
      "recall_sensitivity": 0.9932810750279956,
      "specificity": 0.9885057471264368,
      "ece": 0.018759399075468818,
      "tn": 688,
      "fp": 8,
      "fn": 6,
      "tp": 887,
      "auroc": 0.9988737434194437,
      "auprc": 0.9994484161515635
    },
    "f1": {
      "threshold": 0.7567132711410522,
      "accuracy": 0.9911894273127754,
      "balanced_accuracy": 0.9908934110772162,
      "f1": 0.9921700223713646,
      "precision": 0.9910614525139665,
      "recall_sensitivity": 0.9932810750279956,
      "specificity": 0.9885057471264368,
      "ece": 0.018759399075468818,
      "tn": 688,
      "fp": 8,
      "fn": 6,
      "tp": 887,
      "auroc": 0.9988737434194437,
      "auprc": 0.9994484161515635
    },
    "youden": {
      "threshold": 0.7567132711410522,
      "accuracy": 0.9911894273127754,
      "balanced_accuracy": 0.9908934110772162,
      "f1": 0.9921700223713646,
      "precision": 0.9910614525139665,
      "recall_sensitivity": 0.9932810750279956,
      "specificity": 0.9885057471264368,
      "ece": 0.018759399075468818,
      "tn": 688,
      "fp": 8,
      "fn": 6,
      "tp": 887,
      "auroc": 0.9988737434194437,
      "auprc": 0.9994484161515635
    },
    "sensitivity_90": {
      "threshold": 0.7567132711410522,
      "accuracy": 0.9911894273127754,
      "balanced_accuracy": 0.9908934110772162,
      "f1": 0.9921700223713646,
      "precision": 0.9910614525139665,
      "recall_sensitivity": 0.9932810750279956,
      "specificity": 0.9885057471264368,
      "ece": 0.018759399075468818,
      "tn": 688,
      "fp": 8,
      "fn": 6,
      "tp": 887,
      "auroc": 0.9988737434194437,
      "auprc": 0.9994484161515635
    }
  }
}