{
  "checkpoint": "runs/simclr_resnet18_phash_e25_finetune_10pct_seed123_e10/best_model.pt",
  "split_csv": "metadata/splits_near_duplicate_aware_phash.csv",
  "validation_default": {
    "threshold": 0.5,
    "accuracy": 0.9633838383838383,
    "balanced_accuracy": 0.965438419147618,
    "f1": 0.9675977653631285,
    "precision": 0.9840909090909091,
    "recall_sensitivity": 0.9516483516483516,
    "specificity": 0.9792284866468842,
    "ece": 0.03903592921231377,
    "tn": 660,
    "fp": 14,
    "fn": 44,
    "tp": 866,
    "auroc": 0.994544624514951,
    "auprc": 0.9963776808485147
  },
  "test_default": {
    "threshold": 0.5,
    "accuracy": 0.9754562617998741,
    "balanced_accuracy": 0.9768956507188735,
    "f1": 0.9778786159954623,
    "precision": 0.9908045977011494,
    "recall_sensitivity": 0.9652855543113102,
    "specificity": 0.9885057471264368,
    "ece": 0.054893798150867736,
    "tn": 688,
    "fp": 8,
    "fn": 31,
    "tp": 862,
    "auroc": 0.9961835991298863,
    "auprc": 0.9977008961985303
  },
  "validation_selected": {
    "balanced_accuracy": {
      "selected_threshold": 0.39345696568489075,
      "threshold": 0.39345696568489075,
      "accuracy": 0.9696969696969697,
      "balanced_accuracy": 0.9697785893631591,
      "f1": 0.9735099337748344,
      "precision": 0.9778270509977827,
      "recall_sensitivity": 0.9692307692307692,
      "specificity": 0.9703264094955489,
      "ece": 0.03903592921231377,
      "tn": 654,
      "fp": 20,
      "fn": 28,
      "tp": 882,
      "auroc": 0.994544624514951,
      "auprc": 0.9963776808485147
    },
    "f1": {
      "selected_threshold": 0.39345696568489075,
      "threshold": 0.39345696568489075,
      "accuracy": 0.9696969696969697,
      "balanced_accuracy": 0.9697785893631591,
      "f1": 0.9735099337748344,
      "precision": 0.9778270509977827,
      "recall_sensitivity": 0.9692307692307692,
      "specificity": 0.9703264094955489,
      "ece": 0.03903592921231377,
      "tn": 654,
      "fp": 20,
      "fn": 28,
      "tp": 882,
      "auroc": 0.994544624514951,
      "auprc": 0.9963776808485147
    },
    "youden": {
      "selected_threshold": 0.39345696568489075,
      "threshold": 0.39345696568489075,
      "accuracy": 0.9696969696969697,
      "balanced_accuracy": 0.9697785893631591,
      "f1": 0.9735099337748344,
      "precision": 0.9778270509977827,
      "recall_sensitivity": 0.9692307692307692,
      "specificity": 0.9703264094955489,
      "ece": 0.03903592921231377,
      "tn": 654,
      "fp": 20,
      "fn": 28,
      "tp": 882,
      "auroc": 0.994544624514951,
      "auprc": 0.9963776808485147
    },
    "sensitivity_90": {
      "selected_threshold": 0.5432333946228027,
      "threshold": 0.5432333946228027,
      "accuracy": 0.9652777777777778,
      "balanced_accuracy": 0.968241106074934,
      "f1": 0.9691184727681078,
      "precision": 0.9908151549942594,
      "recall_sensitivity": 0.9483516483516483,
      "specificity": 0.9881305637982196,
      "ece": 0.03903592921231377,
      "tn": 666,
      "fp": 8,
      "fn": 47,
      "tp": 863,
      "auroc": 0.994544624514951,
      "auprc": 0.9963776808485147
    }
  },
  "test_at_validation_selected_thresholds": {
    "balanced_accuracy": {
      "threshold": 0.39345696568489075,
      "accuracy": 0.9798615481434865,
      "balanced_accuracy": 0.9798641412776254,
      "f1": 0.9820426487093153,
      "precision": 0.984251968503937,
      "recall_sensitivity": 0.9798432250839866,
      "specificity": 0.9798850574712644,
      "ece": 0.054893798150867736,
      "tn": 682,
      "fp": 14,
      "fn": 18,
      "tp": 875,
      "auroc": 0.9961835991298863,
      "auprc": 0.9977008961985303
    },
    "f1": {
      "threshold": 0.39345696568489075,
      "accuracy": 0.9798615481434865,
      "balanced_accuracy": 0.9798641412776254,
      "f1": 0.9820426487093153,
      "precision": 0.984251968503937,
      "recall_sensitivity": 0.9798432250839866,
      "specificity": 0.9798850574712644,
      "ece": 0.054893798150867736,
      "tn": 682,
      "fp": 14,
      "fn": 18,
      "tp": 875,
      "auroc": 0.9961835991298863,
      "auprc": 0.9977008961985303
    },
    "youden": {
      "threshold": 0.39345696568489075,
      "accuracy": 0.9798615481434865,
      "balanced_accuracy": 0.9798641412776254,
      "f1": 0.9820426487093153,
      "precision": 0.984251968503937,
      "recall_sensitivity": 0.9798432250839866,
      "specificity": 0.9798850574712644,
      "ece": 0.054893798150867736,
      "tn": 682,
      "fp": 14,
      "fn": 18,
      "tp": 875,
      "auroc": 0.9961835991298863,
      "auprc": 0.9977008961985303
    },
    "sensitivity_90": {
      "threshold": 0.5432333946228027,
      "accuracy": 0.9798615481434865,
      "balanced_accuracy": 0.9820828667413214,
      "f1": 0.9817559863169898,
      "precision": 1.0,
      "recall_sensitivity": 0.9641657334826428,
      "specificity": 1.0,
      "ece": 0.054893798150867736,
      "tn": 696,
      "fp": 0,
      "fn": 32,
      "tp": 861,
      "auroc": 0.9961835991298863,
      "auprc": 0.9977008961985303
    }
  }
}