{
  "checkpoint": "runs/resnet18_supervised_phash_50pct_e1/best_model.pt",
  "split_csv": "metadata/splits_near_duplicate_aware_phash.csv",
  "validation_default": {
    "threshold": 0.5,
    "accuracy": 0.9848484848484849,
    "balanced_accuracy": 0.9868131868131869,
    "f1": 0.9866369710467706,
    "precision": 1.0,
    "recall_sensitivity": 0.9736263736263736,
    "specificity": 1.0,
    "ece": 0.03149829925134347,
    "tn": 674,
    "fp": 0,
    "fn": 24,
    "tp": 886,
    "auroc": 0.999735872436169,
    "auprc": 0.9998094621996806
  },
  "test_default": {
    "threshold": 0.5,
    "accuracy": 0.9842668344870988,
    "balanced_accuracy": 0.9860022396416573,
    "f1": 0.9858035207268597,
    "precision": 1.0,
    "recall_sensitivity": 0.9720044792833147,
    "specificity": 1.0,
    "ece": 0.02775919390036428,
    "tn": 696,
    "fp": 0,
    "fn": 25,
    "tp": 868,
    "auroc": 0.9991536986266104,
    "auprc": 0.9995068267121342
  },
  "validation_selected": {
    "balanced_accuracy": {
      "selected_threshold": 0.32423946261405945,
      "threshold": 0.32423946261405945,
      "accuracy": 0.9936868686868687,
      "balanced_accuracy": 0.9945054945054945,
      "f1": 0.994475138121547,
      "precision": 1.0,
      "recall_sensitivity": 0.989010989010989,
      "specificity": 1.0,
      "ece": 0.03149829925134347,
      "tn": 674,
      "fp": 0,
      "fn": 10,
      "tp": 900,
      "auroc": 0.999735872436169,
      "auprc": 0.9998094621996806
    },
    "f1": {
      "selected_threshold": 0.32423946261405945,
      "threshold": 0.32423946261405945,
      "accuracy": 0.9936868686868687,
      "balanced_accuracy": 0.9945054945054945,
      "f1": 0.994475138121547,
      "precision": 1.0,
      "recall_sensitivity": 0.989010989010989,
      "specificity": 1.0,
      "ece": 0.03149829925134347,
      "tn": 674,
      "fp": 0,
      "fn": 10,
      "tp": 900,
      "auroc": 0.999735872436169,
      "auprc": 0.9998094621996806
    },
    "youden": {
      "selected_threshold": 0.32423946261405945,
      "threshold": 0.32423946261405945,
      "accuracy": 0.9936868686868687,
      "balanced_accuracy": 0.9945054945054945,
      "f1": 0.994475138121547,
      "precision": 1.0,
      "recall_sensitivity": 0.989010989010989,
      "specificity": 1.0,
      "ece": 0.03149829925134347,
      "tn": 674,
      "fp": 0,
      "fn": 10,
      "tp": 900,
      "auroc": 0.999735872436169,
      "auprc": 0.9998094621996806
    },
    "sensitivity_90": {
      "selected_threshold": 0.32423946261405945,
      "threshold": 0.32423946261405945,
      "accuracy": 0.9936868686868687,
      "balanced_accuracy": 0.9945054945054945,
      "f1": 0.994475138121547,
      "precision": 1.0,
      "recall_sensitivity": 0.989010989010989,
      "specificity": 1.0,
      "ece": 0.03149829925134347,
      "tn": 674,
      "fp": 0,
      "fn": 10,
      "tp": 900,
      "auroc": 0.999735872436169,
      "auprc": 0.9998094621996806
    }
  },
  "test_at_validation_selected_thresholds": {
    "balanced_accuracy": {
      "threshold": 0.32423946261405945,
      "accuracy": 0.9899307740717432,
      "balanced_accuracy": 0.9910414333706608,
      "f1": 0.9909604519774011,
      "precision": 1.0,
      "recall_sensitivity": 0.9820828667413214,
      "specificity": 1.0,
      "ece": 0.02775919390036428,
      "tn": 696,
      "fp": 0,
      "fn": 16,
      "tp": 877,
      "auroc": 0.9991536986266104,
      "auprc": 0.9995068267121342
    },
    "f1": {
      "threshold": 0.32423946261405945,
      "accuracy": 0.9899307740717432,
      "balanced_accuracy": 0.9910414333706608,
      "f1": 0.9909604519774011,
      "precision": 1.0,
      "recall_sensitivity": 0.9820828667413214,
      "specificity": 1.0,
      "ece": 0.02775919390036428,
      "tn": 696,
      "fp": 0,
      "fn": 16,
      "tp": 877,
      "auroc": 0.9991536986266104,
      "auprc": 0.9995068267121342
    },
    "youden": {
      "threshold": 0.32423946261405945,
      "accuracy": 0.9899307740717432,
      "balanced_accuracy": 0.9910414333706608,
      "f1": 0.9909604519774011,
      "precision": 1.0,
      "recall_sensitivity": 0.9820828667413214,
      "specificity": 1.0,
      "ece": 0.02775919390036428,
      "tn": 696,
      "fp": 0,
      "fn": 16,
      "tp": 877,
      "auroc": 0.9991536986266104,
      "auprc": 0.9995068267121342
    },
    "sensitivity_90": {
      "threshold": 0.32423946261405945,
      "accuracy": 0.9899307740717432,
      "balanced_accuracy": 0.9910414333706608,
      "f1": 0.9909604519774011,
      "precision": 1.0,
      "recall_sensitivity": 0.9820828667413214,
      "specificity": 1.0,
      "ece": 0.02775919390036428,
      "tn": 696,
      "fp": 0,
      "fn": 16,
      "tp": 877,
      "auroc": 0.9991536986266104,
      "auprc": 0.9995068267121342
    }
  }
}