{
  "checkpoint": "runs/resnet18_supervised_phash_25pct_e1/best_model.pt",
  "split_csv": "metadata/splits_near_duplicate_aware_phash.csv",
  "validation_default": {
    "threshold": 0.5,
    "accuracy": 0.9318181818181818,
    "balanced_accuracy": 0.9406593406593406,
    "f1": 0.9369158878504673,
    "precision": 1.0,
    "recall_sensitivity": 0.8813186813186813,
    "specificity": 1.0,
    "ece": 0.06108149002785937,
    "tn": 674,
    "fp": 0,
    "fn": 108,
    "tp": 802,
    "auroc": 0.9915022662797144,
    "auprc": 0.9942816357728975
  },
  "test_default": {
    "threshold": 0.5,
    "accuracy": 0.9320327249842668,
    "balanced_accuracy": 0.9395296752519597,
    "f1": 0.9356376638855781,
    "precision": 1.0,
    "recall_sensitivity": 0.8790593505039194,
    "specificity": 1.0,
    "ece": 0.07386487387144165,
    "tn": 696,
    "fp": 0,
    "fn": 108,
    "tp": 785,
    "auroc": 0.9937283597842735,
    "auprc": 0.9957670157480646
  },
  "validation_selected": {
    "balanced_accuracy": {
      "selected_threshold": 0.2481936663389206,
      "threshold": 0.2481936663389206,
      "accuracy": 0.9539141414141414,
      "balanced_accuracy": 0.9575814393321812,
      "f1": 0.9587803500846979,
      "precision": 0.9860627177700348,
      "recall_sensitivity": 0.932967032967033,
      "specificity": 0.9821958456973294,
      "ece": 0.06108149002785937,
      "tn": 662,
      "fp": 12,
      "fn": 61,
      "tp": 849,
      "auroc": 0.9915022662797144,
      "auprc": 0.9942816357728975
    },
    "f1": {
      "selected_threshold": 0.16892758011817932,
      "threshold": 0.16892758011817932,
      "accuracy": 0.9558080808080808,
      "balanced_accuracy": 0.9546124498646754,
      "f1": 0.9615806805708014,
      "precision": 0.9605263157894737,
      "recall_sensitivity": 0.9626373626373627,
      "specificity": 0.9465875370919882,
      "ece": 0.06108149002785937,
      "tn": 638,
      "fp": 36,
      "fn": 34,
      "tp": 876,
      "auroc": 0.9915022662797144,
      "auprc": 0.9942816357728975
    },
    "youden": {
      "selected_threshold": 0.2481936663389206,
      "threshold": 0.2481936663389206,
      "accuracy": 0.9539141414141414,
      "balanced_accuracy": 0.9575814393321812,
      "f1": 0.9587803500846979,
      "precision": 0.9860627177700348,
      "recall_sensitivity": 0.932967032967033,
      "specificity": 0.9821958456973294,
      "ece": 0.06108149002785937,
      "tn": 662,
      "fp": 12,
      "fn": 61,
      "tp": 849,
      "auroc": 0.9915022662797144,
      "auprc": 0.9942816357728975
    },
    "sensitivity_90": {
      "selected_threshold": 0.36632347106933594,
      "threshold": 0.36632347106933594,
      "accuracy": 0.9400252525252525,
      "balanced_accuracy": 0.9470326409495549,
      "f1": 0.9451817657241778,
      "precision": 0.9951397326852977,
      "recall_sensitivity": 0.9,
      "specificity": 0.9940652818991098,
      "ece": 0.06108149002785937,
      "tn": 670,
      "fp": 4,
      "fn": 91,
      "tp": 819,
      "auroc": 0.9915022662797144,
      "auprc": 0.9942816357728975
    }
  },
  "test_at_validation_selected_thresholds": {
    "balanced_accuracy": {
      "threshold": 0.2481936663389206,
      "accuracy": 0.9546884833228445,
      "balanced_accuracy": 0.9574677247042772,
      "f1": 0.9586681974741676,
      "precision": 0.983510011778563,
      "recall_sensitivity": 0.93505039193729,
      "specificity": 0.9798850574712644,
      "ece": 0.07386487387144165,
      "tn": 682,
      "fp": 14,
      "fn": 58,
      "tp": 835,
      "auroc": 0.9937283597842735,
      "auprc": 0.9957670157480646
    },
    "f1": {
      "threshold": 0.16892758011817932,
      "accuracy": 0.960352422907489,
      "balanced_accuracy": 0.9574355459448327,
      "f1": 0.9652892561983472,
      "precision": 0.9501084598698482,
      "recall_sensitivity": 0.9809630459126539,
      "specificity": 0.9339080459770115,
      "ece": 0.07386487387144165,
      "tn": 650,
      "fp": 46,
      "fn": 17,
      "tp": 876,
      "auroc": 0.9937283597842735,
      "auprc": 0.9957670157480646
    },
    "youden": {
      "threshold": 0.2481936663389206,
      "accuracy": 0.9546884833228445,
      "balanced_accuracy": 0.9574677247042772,
      "f1": 0.9586681974741676,
      "precision": 0.983510011778563,
      "recall_sensitivity": 0.93505039193729,
      "specificity": 0.9798850574712644,
      "ece": 0.07386487387144165,
      "tn": 682,
      "fp": 14,
      "fn": 58,
      "tp": 835,
      "auroc": 0.9937283597842735,
      "auprc": 0.9957670157480646
    },
    "sensitivity_90": {
      "threshold": 0.36632347106933594,
      "accuracy": 0.948395217117684,
      "balanced_accuracy": 0.9540873460246361,
      "f1": 0.9518779342723005,
      "precision": 1.0,
      "recall_sensitivity": 0.9081746920492721,
      "specificity": 1.0,
      "ece": 0.07386487387144165,
      "tn": 696,
      "fp": 0,
      "fn": 82,
      "tp": 811,
      "auroc": 0.9937283597842735,
      "auprc": 0.9957670157480646
    }
  }
}