{
  "checkpoint": "runs/simclr_resnet18_phash_e25_finetune_05pct_e1/best_model.pt",
  "split_csv": "metadata/splits_near_duplicate_aware_phash.csv",
  "validation_default": {
    "threshold": 0.5,
    "accuracy": 0.5890151515151515,
    "balanced_accuracy": 0.6423076923076922,
    "f1": 0.4431137724550898,
    "precision": 1.0,
    "recall_sensitivity": 0.2846153846153846,
    "specificity": 1.0,
    "ece": 0.14989034975455565,
    "tn": 674,
    "fp": 0,
    "fn": 651,
    "tp": 259,
    "auroc": 0.9300909772719861,
    "auprc": 0.9557553862594971
  },
  "test_default": {
    "threshold": 0.5,
    "accuracy": 0.5594713656387665,
    "balanced_accuracy": 0.6080627099664053,
    "f1": 0.35543278084714547,
    "precision": 1.0,
    "recall_sensitivity": 0.21612541993281076,
    "specificity": 1.0,
    "ece": 0.21447139153171443,
    "tn": 696,
    "fp": 0,
    "fn": 700,
    "tp": 193,
    "auroc": 0.9367301231802913,
    "auprc": 0.9543229228165659
  },
  "validation_selected": {
    "balanced_accuracy": {
      "selected_threshold": 0.3388940989971161,
      "threshold": 0.3388940989971161,
      "accuracy": 0.8459595959595959,
      "balanced_accuracy": 0.8613167248182085,
      "f1": 0.8497536945812808,
      "precision": 0.9663865546218487,
      "recall_sensitivity": 0.7582417582417582,
      "specificity": 0.9643916913946587,
      "ece": 0.14989034975455565,
      "tn": 650,
      "fp": 24,
      "fn": 220,
      "tp": 690,
      "auroc": 0.9300909772719861,
      "auprc": 0.9557553862594971
    },
    "f1": {
      "selected_threshold": 0.2759895920753479,
      "threshold": 0.2759895920753479,
      "accuracy": 0.8465909090909091,
      "balanced_accuracy": 0.8337773502461929,
      "f1": 0.8732394366197183,
      "precision": 0.8311817279046674,
      "recall_sensitivity": 0.9197802197802197,
      "specificity": 0.7477744807121661,
      "ece": 0.14989034975455565,
      "tn": 504,
      "fp": 170,
      "fn": 73,
      "tp": 837,
      "auroc": 0.9300909772719861,
      "auprc": 0.9557553862594971
    },
    "youden": {
      "selected_threshold": 0.3388940989971161,
      "threshold": 0.3388940989971161,
      "accuracy": 0.8459595959595959,
      "balanced_accuracy": 0.8613167248182085,
      "f1": 0.8497536945812808,
      "precision": 0.9663865546218487,
      "recall_sensitivity": 0.7582417582417582,
      "specificity": 0.9643916913946587,
      "ece": 0.14989034975455565,
      "tn": 650,
      "fp": 24,
      "fn": 220,
      "tp": 690,
      "auroc": 0.9300909772719861,
      "auprc": 0.9557553862594971
    },
    "sensitivity_90": {
      "selected_threshold": 0.2759895920753479,
      "threshold": 0.2759895920753479,
      "accuracy": 0.8465909090909091,
      "balanced_accuracy": 0.8337773502461929,
      "f1": 0.8732394366197183,
      "precision": 0.8311817279046674,
      "recall_sensitivity": 0.9197802197802197,
      "specificity": 0.7477744807121661,
      "ece": 0.14989034975455565,
      "tn": 504,
      "fp": 170,
      "fn": 73,
      "tp": 837,
      "auroc": 0.9300909772719861,
      "auprc": 0.9557553862594971
    }
  },
  "test_at_validation_selected_thresholds": {
    "balanced_accuracy": {
      "threshold": 0.3388940989971161,
      "accuracy": 0.815607300188798,
      "balanced_accuracy": 0.8261204644038563,
      "f1": 0.8188002473716759,
      "precision": 0.914364640883978,
      "recall_sensitivity": 0.7413213885778276,
      "specificity": 0.9109195402298851,
      "ece": 0.21447139153171443,
      "tn": 634,
      "fp": 62,
      "fn": 231,
      "tp": 662,
      "auroc": 0.9367301231802913,
      "auprc": 0.9543229228165659
    },
    "f1": {
      "threshold": 0.2759895920753479,
      "accuracy": 0.8672120830711139,
      "balanced_accuracy": 0.8587207655970447,
      "f1": 0.8869844670594537,
      "precision": 0.8501026694045175,
      "recall_sensitivity": 0.9272116461366181,
      "specificity": 0.7902298850574713,
      "ece": 0.21447139153171443,
      "tn": 550,
      "fp": 146,
      "fn": 65,
      "tp": 828,
      "auroc": 0.9367301231802913,
      "auprc": 0.9543229228165659
    },
    "youden": {
      "threshold": 0.3388940989971161,
      "accuracy": 0.815607300188798,
      "balanced_accuracy": 0.8261204644038563,
      "f1": 0.8188002473716759,
      "precision": 0.914364640883978,
      "recall_sensitivity": 0.7413213885778276,
      "specificity": 0.9109195402298851,
      "ece": 0.21447139153171443,
      "tn": 634,
      "fp": 62,
      "fn": 231,
      "tp": 662,
      "auroc": 0.9367301231802913,
      "auprc": 0.9543229228165659
    },
    "sensitivity_90": {
      "threshold": 0.2759895920753479,
      "accuracy": 0.8672120830711139,
      "balanced_accuracy": 0.8587207655970447,
      "f1": 0.8869844670594537,
      "precision": 0.8501026694045175,
      "recall_sensitivity": 0.9272116461366181,
      "specificity": 0.7902298850574713,
      "ece": 0.21447139153171443,
      "tn": 550,
      "fp": 146,
      "fn": 65,
      "tp": 828,
      "auroc": 0.9367301231802913,
      "auprc": 0.9543229228165659
    }
  }
}