{
  "checkpoint": "runs/resnet18_supervised_phash_10pct_e5/best_model.pt",
  "split_csv": "metadata/splits_near_duplicate_aware_phash.csv",
  "validation_default": {
    "threshold": 0.5,
    "accuracy": 0.9646464646464646,
    "balanced_accuracy": 0.9692307692307692,
    "f1": 0.9682539682539683,
    "precision": 1.0,
    "recall_sensitivity": 0.9384615384615385,
    "specificity": 1.0,
    "ece": 0.024765040595384355,
    "tn": 674,
    "fp": 0,
    "fn": 56,
    "tp": 854,
    "auroc": 0.997547852740731,
    "auprc": 0.9982402989095732
  },
  "test_default": {
    "threshold": 0.5,
    "accuracy": 0.9647577092511013,
    "balanced_accuracy": 0.9686450167973124,
    "f1": 0.9676300578034682,
    "precision": 1.0,
    "recall_sensitivity": 0.9372900335946248,
    "specificity": 1.0,
    "ece": 0.01890352878105917,
    "tn": 696,
    "fp": 0,
    "fn": 56,
    "tp": 837,
    "auroc": 0.9982076430989432,
    "auprc": 0.9988312373011817
  },
  "validation_selected": {
    "balanced_accuracy": {
      "selected_threshold": 0.17829658091068268,
      "threshold": 0.17829658091068268,
      "accuracy": 0.9747474747474747,
      "balanced_accuracy": 0.9757133074640494,
      "f1": 0.9778270509977827,
      "precision": 0.9865771812080537,
      "recall_sensitivity": 0.9692307692307692,
      "specificity": 0.9821958456973294,
      "ece": 0.024765040595384355,
      "tn": 662,
      "fp": 12,
      "fn": 28,
      "tp": 882,
      "auroc": 0.997547852740731,
      "auprc": 0.9982402989095732
    },
    "f1": {
      "selected_threshold": 0.17829658091068268,
      "threshold": 0.17829658091068268,
      "accuracy": 0.9747474747474747,
      "balanced_accuracy": 0.9757133074640494,
      "f1": 0.9778270509977827,
      "precision": 0.9865771812080537,
      "recall_sensitivity": 0.9692307692307692,
      "specificity": 0.9821958456973294,
      "ece": 0.024765040595384355,
      "tn": 662,
      "fp": 12,
      "fn": 28,
      "tp": 882,
      "auroc": 0.997547852740731,
      "auprc": 0.9982402989095732
    },
    "youden": {
      "selected_threshold": 0.17829658091068268,
      "threshold": 0.17829658091068268,
      "accuracy": 0.9747474747474747,
      "balanced_accuracy": 0.9757133074640494,
      "f1": 0.9778270509977827,
      "precision": 0.9865771812080537,
      "recall_sensitivity": 0.9692307692307692,
      "specificity": 0.9821958456973294,
      "ece": 0.024765040595384355,
      "tn": 662,
      "fp": 12,
      "fn": 28,
      "tp": 882,
      "auroc": 0.997547852740731,
      "auprc": 0.9982402989095732
    },
    "sensitivity_90": {
      "selected_threshold": 0.43546104431152344,
      "threshold": 0.43546104431152344,
      "accuracy": 0.9671717171717171,
      "balanced_accuracy": 0.9714285714285714,
      "f1": 0.9705882352941176,
      "precision": 1.0,
      "recall_sensitivity": 0.9428571428571428,
      "specificity": 1.0,
      "ece": 0.024765040595384355,
      "tn": 674,
      "fp": 0,
      "fn": 52,
      "tp": 858,
      "auroc": 0.997547852740731,
      "auprc": 0.9982402989095732
    }
  },
  "test_at_validation_selected_thresholds": {
    "balanced_accuracy": {
      "threshold": 0.17829658091068268,
      "accuracy": 0.9817495280050346,
      "balanced_accuracy": 0.9815438725206267,
      "f1": 0.9837535014005602,
      "precision": 0.984304932735426,
      "recall_sensitivity": 0.9832026875699889,
      "specificity": 0.9798850574712644,
      "ece": 0.01890352878105917,
      "tn": 682,
      "fp": 14,
      "fn": 15,
      "tp": 878,
      "auroc": 0.9982076430989432,
      "auprc": 0.9988312373011817
    },
    "f1": {
      "threshold": 0.17829658091068268,
      "accuracy": 0.9817495280050346,
      "balanced_accuracy": 0.9815438725206267,
      "f1": 0.9837535014005602,
      "precision": 0.984304932735426,
      "recall_sensitivity": 0.9832026875699889,
      "specificity": 0.9798850574712644,
      "ece": 0.01890352878105917,
      "tn": 682,
      "fp": 14,
      "fn": 15,
      "tp": 878,
      "auroc": 0.9982076430989432,
      "auprc": 0.9988312373011817
    },
    "youden": {
      "threshold": 0.17829658091068268,
      "accuracy": 0.9817495280050346,
      "balanced_accuracy": 0.9815438725206267,
      "f1": 0.9837535014005602,
      "precision": 0.984304932735426,
      "recall_sensitivity": 0.9832026875699889,
      "specificity": 0.9798850574712644,
      "ece": 0.01890352878105917,
      "tn": 682,
      "fp": 14,
      "fn": 15,
      "tp": 878,
      "auroc": 0.9982076430989432,
      "auprc": 0.9988312373011817
    },
    "sensitivity_90": {
      "threshold": 0.43546104431152344,
      "accuracy": 0.9679043423536816,
      "balanced_accuracy": 0.971444568868981,
      "f1": 0.9706051873198848,
      "precision": 1.0,
      "recall_sensitivity": 0.9428891377379619,
      "specificity": 1.0,
      "ece": 0.01890352878105917,
      "tn": 696,
      "fp": 0,
      "fn": 51,
      "tp": 842,
      "auroc": 0.9982076430989432,
      "auprc": 0.9988312373011817
    }
  }
}