{
  "checkpoint": "runs/simclr_resnet18_phash_e25_finetune_10pct_seed7_e1/best_model.pt",
  "split_csv": "metadata/splits_near_duplicate_aware_phash.csv",
  "validation_default": {
    "threshold": 0.5,
    "accuracy": 0.9141414141414141,
    "balanced_accuracy": 0.9210421625851892,
    "f1": 0.9212962962962963,
    "precision": 0.9731051344743277,
    "recall_sensitivity": 0.8747252747252747,
    "specificity": 0.9673590504451038,
    "ece": 0.2634928306338914,
    "tn": 652,
    "fp": 22,
    "fn": 114,
    "tp": 796,
    "auroc": 0.9814784621906283,
    "auprc": 0.9881416264471831
  },
  "test_default": {
    "threshold": 0.5,
    "accuracy": 0.9188168659534298,
    "balanced_accuracy": 0.9249189095261999,
    "f1": 0.9238038984051978,
    "precision": 0.9775,
    "recall_sensitivity": 0.8756998880179171,
    "specificity": 0.9741379310344828,
    "ece": 0.26999029774122685,
    "tn": 678,
    "fp": 18,
    "fn": 111,
    "tp": 782,
    "auroc": 0.9784788456835412,
    "auprc": 0.9857667772774703
  },
  "validation_selected": {
    "balanced_accuracy": {
      "selected_threshold": 0.4548782408237457,
      "threshold": 0.4548782408237457,
      "accuracy": 0.9349747474747475,
      "balanced_accuracy": 0.9357110248801643,
      "f1": 0.9426822481914302,
      "precision": 0.9549041713641488,
      "recall_sensitivity": 0.9307692307692308,
      "specificity": 0.9406528189910979,
      "ece": 0.2634928306338914,
      "tn": 634,
      "fp": 40,
      "fn": 63,
      "tp": 847,
      "auroc": 0.9814784621906283,
      "auprc": 0.9881416264471831
    },
    "f1": {
      "selected_threshold": 0.4548782408237457,
      "threshold": 0.4548782408237457,
      "accuracy": 0.9349747474747475,
      "balanced_accuracy": 0.9357110248801643,
      "f1": 0.9426822481914302,
      "precision": 0.9549041713641488,
      "recall_sensitivity": 0.9307692307692308,
      "specificity": 0.9406528189910979,
      "ece": 0.2634928306338914,
      "tn": 634,
      "fp": 40,
      "fn": 63,
      "tp": 847,
      "auroc": 0.9814784621906283,
      "auprc": 0.9881416264471831
    },
    "youden": {
      "selected_threshold": 0.4548782408237457,
      "threshold": 0.4548782408237457,
      "accuracy": 0.9349747474747475,
      "balanced_accuracy": 0.9357110248801643,
      "f1": 0.9426822481914302,
      "precision": 0.9549041713641488,
      "recall_sensitivity": 0.9307692307692308,
      "specificity": 0.9406528189910979,
      "ece": 0.2634928306338914,
      "tn": 634,
      "fp": 40,
      "fn": 63,
      "tp": 847,
      "auroc": 0.9814784621906283,
      "auprc": 0.9881416264471831
    },
    "sensitivity_90": {
      "selected_threshold": 0.45882895588874817,
      "threshold": 0.45882895588874817,
      "accuracy": 0.9337121212121212,
      "balanced_accuracy": 0.9349969022075848,
      "f1": 0.9413735343383585,
      "precision": 0.9568671963677639,
      "recall_sensitivity": 0.9263736263736264,
      "specificity": 0.9436201780415431,
      "ece": 0.2634928306338914,
      "tn": 636,
      "fp": 38,
      "fn": 67,
      "tp": 843,
      "auroc": 0.9814784621906283,
      "auprc": 0.9881416264471831
    }
  },
  "test_at_validation_selected_thresholds": {
    "balanced_accuracy": {
      "threshold": 0.4548782408237457,
      "accuracy": 0.9194461925739459,
      "balanced_accuracy": 0.9162869573052219,
      "f1": 0.9292817679558011,
      "precision": 0.9171210468920392,
      "recall_sensitivity": 0.9417693169092946,
      "specificity": 0.8908045977011494,
      "ece": 0.26999029774122685,
      "tn": 620,
      "fp": 76,
      "fn": 52,
      "tp": 841,
      "auroc": 0.9784788456835412,
      "auprc": 0.9857667772774703
    },
    "f1": {
      "threshold": 0.4548782408237457,
      "accuracy": 0.9194461925739459,
      "balanced_accuracy": 0.9162869573052219,
      "f1": 0.9292817679558011,
      "precision": 0.9171210468920392,
      "recall_sensitivity": 0.9417693169092946,
      "specificity": 0.8908045977011494,
      "ece": 0.26999029774122685,
      "tn": 620,
      "fp": 76,
      "fn": 52,
      "tp": 841,
      "auroc": 0.9784788456835412,
      "auprc": 0.9857667772774703
    },
    "youden": {
      "threshold": 0.4548782408237457,
      "accuracy": 0.9194461925739459,
      "balanced_accuracy": 0.9162869573052219,
      "f1": 0.9292817679558011,
      "precision": 0.9171210468920392,
      "recall_sensitivity": 0.9417693169092946,
      "specificity": 0.8908045977011494,
      "ece": 0.26999029774122685,
      "tn": 620,
      "fp": 76,
      "fn": 52,
      "tp": 841,
      "auroc": 0.9784788456835412,
      "auprc": 0.9857667772774703
    },
    "sensitivity_90": {
      "threshold": 0.45882895588874817,
      "accuracy": 0.9169288860918817,
      "balanced_accuracy": 0.9140473156478871,
      "f1": 0.9269102990033222,
      "precision": 0.9167579408543264,
      "recall_sensitivity": 0.9372900335946248,
      "specificity": 0.8908045977011494,
      "ece": 0.26999029774122685,
      "tn": 620,
      "fp": 76,
      "fn": 56,
      "tp": 837,
      "auroc": 0.9784788456835412,
      "auprc": 0.9857667772774703
    }
  }
}