{
  "checkpoint": "runs/simclr_resnet18_phash_e25_finetune_10pct_e5/best_model.pt",
  "split_csv": "metadata/splits_near_duplicate_aware_phash.csv",
  "validation_default": {
    "threshold": 0.5,
    "accuracy": 0.9267676767676768,
    "balanced_accuracy": 0.9351094009847719,
    "f1": 0.9324009324009324,
    "precision": 0.9925558312655087,
    "recall_sensitivity": 0.8791208791208791,
    "specificity": 0.9910979228486647,
    "ece": 0.040898026852642745,
    "tn": 668,
    "fp": 6,
    "fn": 110,
    "tp": 800,
    "auroc": 0.9869664460168911,
    "auprc": 0.9917083931960677
  },
  "test_default": {
    "threshold": 0.5,
    "accuracy": 0.9307740717432348,
    "balanced_accuracy": 0.9384098544232923,
    "f1": 0.9343675417661098,
    "precision": 1.0,
    "recall_sensitivity": 0.8768197088465846,
    "specificity": 1.0,
    "ece": 0.05674643687847613,
    "tn": 696,
    "fp": 0,
    "fn": 110,
    "tp": 783,
    "auroc": 0.989335959120104,
    "auprc": 0.99308726690571
  },
  "validation_selected": {
    "balanced_accuracy": {
      "selected_threshold": 0.3492838442325592,
      "threshold": 0.3492838442325592,
      "accuracy": 0.9526515151515151,
      "balanced_accuracy": 0.9576368735122445,
      "f1": 0.9573136027319294,
      "precision": 0.9929161747343566,
      "recall_sensitivity": 0.9241758241758242,
      "specificity": 0.9910979228486647,
      "ece": 0.040898026852642745,
      "tn": 668,
      "fp": 6,
      "fn": 69,
      "tp": 841,
      "auroc": 0.9869664460168911,
      "auprc": 0.9917083931960677
    },
    "f1": {
      "selected_threshold": 0.3492838442325592,
      "threshold": 0.3492838442325592,
      "accuracy": 0.9526515151515151,
      "balanced_accuracy": 0.9576368735122445,
      "f1": 0.9573136027319294,
      "precision": 0.9929161747343566,
      "recall_sensitivity": 0.9241758241758242,
      "specificity": 0.9910979228486647,
      "ece": 0.040898026852642745,
      "tn": 668,
      "fp": 6,
      "fn": 69,
      "tp": 841,
      "auroc": 0.9869664460168911,
      "auprc": 0.9917083931960677
    },
    "youden": {
      "selected_threshold": 0.3492838442325592,
      "threshold": 0.3492838442325592,
      "accuracy": 0.9526515151515151,
      "balanced_accuracy": 0.9576368735122445,
      "f1": 0.9573136027319294,
      "precision": 0.9929161747343566,
      "recall_sensitivity": 0.9241758241758242,
      "specificity": 0.9910979228486647,
      "ece": 0.040898026852642745,
      "tn": 668,
      "fp": 6,
      "fn": 69,
      "tp": 841,
      "auroc": 0.9869664460168911,
      "auprc": 0.9917083931960677
    },
    "sensitivity_90": {
      "selected_threshold": 0.3492838442325592,
      "threshold": 0.3492838442325592,
      "accuracy": 0.9526515151515151,
      "balanced_accuracy": 0.9576368735122445,
      "f1": 0.9573136027319294,
      "precision": 0.9929161747343566,
      "recall_sensitivity": 0.9241758241758242,
      "specificity": 0.9910979228486647,
      "ece": 0.040898026852642745,
      "tn": 668,
      "fp": 6,
      "fn": 69,
      "tp": 841,
      "auroc": 0.9869664460168911,
      "auprc": 0.9917083931960677
    }
  },
  "test_at_validation_selected_thresholds": {
    "balanced_accuracy": {
      "threshold": 0.3492838442325592,
      "accuracy": 0.9559471365638766,
      "balanced_accuracy": 0.9589045063134726,
      "f1": 0.9597701149425287,
      "precision": 0.9858323494687131,
      "recall_sensitivity": 0.93505039193729,
      "specificity": 0.9827586206896551,
      "ece": 0.05674643687847613,
      "tn": 684,
      "fp": 12,
      "fn": 58,
      "tp": 835,
      "auroc": 0.989335959120104,
      "auprc": 0.99308726690571
    },
    "f1": {
      "threshold": 0.3492838442325592,
      "accuracy": 0.9559471365638766,
      "balanced_accuracy": 0.9589045063134726,
      "f1": 0.9597701149425287,
      "precision": 0.9858323494687131,
      "recall_sensitivity": 0.93505039193729,
      "specificity": 0.9827586206896551,
      "ece": 0.05674643687847613,
      "tn": 684,
      "fp": 12,
      "fn": 58,
      "tp": 835,
      "auroc": 0.989335959120104,
      "auprc": 0.99308726690571
    },
    "youden": {
      "threshold": 0.3492838442325592,
      "accuracy": 0.9559471365638766,
      "balanced_accuracy": 0.9589045063134726,
      "f1": 0.9597701149425287,
      "precision": 0.9858323494687131,
      "recall_sensitivity": 0.93505039193729,
      "specificity": 0.9827586206896551,
      "ece": 0.05674643687847613,
      "tn": 684,
      "fp": 12,
      "fn": 58,
      "tp": 835,
      "auroc": 0.989335959120104,
      "auprc": 0.99308726690571
    },
    "sensitivity_90": {
      "threshold": 0.3492838442325592,
      "accuracy": 0.9559471365638766,
      "balanced_accuracy": 0.9589045063134726,
      "f1": 0.9597701149425287,
      "precision": 0.9858323494687131,
      "recall_sensitivity": 0.93505039193729,
      "specificity": 0.9827586206896551,
      "ece": 0.05674643687847613,
      "tn": 684,
      "fp": 12,
      "fn": 58,
      "tp": 835,
      "auroc": 0.989335959120104,
      "auprc": 0.99308726690571
    }
  }
}