{
  "checkpoint": "runs/simclr_resnet18_phash_e25_finetune_50pct_seed123_e10/best_model.pt",
  "split_csv": "metadata/splits_near_duplicate_aware_phash.csv",
  "validation_default": {
    "threshold": 0.5,
    "accuracy": 0.9804292929292929,
    "balanced_accuracy": 0.9771953565722111,
    "f1": 0.9832341806381828,
    "precision": 0.9680511182108626,
    "recall_sensitivity": 0.9989010989010989,
    "specificity": 0.9554896142433235,
    "ece": 0.032101834733369146,
    "tn": 644,
    "fp": 30,
    "fn": 1,
    "tp": 909,
    "auroc": 0.9997391332702905,
    "auprc": 0.9998192402627645
  },
  "test_default": {
    "threshold": 0.5,
    "accuracy": 0.9647577092511013,
    "balanced_accuracy": 0.9604040365035847,
    "f1": 0.9694656488549618,
    "precision": 0.944739638682253,
    "recall_sensitivity": 0.9955207166853304,
    "specificity": 0.9252873563218391,
    "ece": 0.029176959615641655,
    "tn": 644,
    "fp": 52,
    "fn": 4,
    "tp": 889,
    "auroc": 0.9982687827418877,
    "auprc": 0.9990122611687282
  },
  "validation_selected": {
    "balanced_accuracy": {
      "selected_threshold": 0.7605767846107483,
      "threshold": 0.7605767846107483,
      "accuracy": 0.9974747474747475,
      "balanced_accuracy": 0.9978021978021978,
      "f1": 0.9977973568281938,
      "precision": 1.0,
      "recall_sensitivity": 0.9956043956043956,
      "specificity": 1.0,
      "ece": 0.032101834733369146,
      "tn": 674,
      "fp": 0,
      "fn": 4,
      "tp": 906,
      "auroc": 0.9997391332702905,
      "auprc": 0.9998192402627645
    },
    "f1": {
      "selected_threshold": 0.7605767846107483,
      "threshold": 0.7605767846107483,
      "accuracy": 0.9974747474747475,
      "balanced_accuracy": 0.9978021978021978,
      "f1": 0.9977973568281938,
      "precision": 1.0,
      "recall_sensitivity": 0.9956043956043956,
      "specificity": 1.0,
      "ece": 0.032101834733369146,
      "tn": 674,
      "fp": 0,
      "fn": 4,
      "tp": 906,
      "auroc": 0.9997391332702905,
      "auprc": 0.9998192402627645
    },
    "youden": {
      "selected_threshold": 0.7605767846107483,
      "threshold": 0.7605767846107483,
      "accuracy": 0.9974747474747475,
      "balanced_accuracy": 0.9978021978021978,
      "f1": 0.9977973568281938,
      "precision": 1.0,
      "recall_sensitivity": 0.9956043956043956,
      "specificity": 1.0,
      "ece": 0.032101834733369146,
      "tn": 674,
      "fp": 0,
      "fn": 4,
      "tp": 906,
      "auroc": 0.9997391332702905,
      "auprc": 0.9998192402627645
    },
    "sensitivity_90": {
      "selected_threshold": 0.7605767846107483,
      "threshold": 0.7605767846107483,
      "accuracy": 0.9974747474747475,
      "balanced_accuracy": 0.9978021978021978,
      "f1": 0.9977973568281938,
      "precision": 1.0,
      "recall_sensitivity": 0.9956043956043956,
      "specificity": 1.0,
      "ece": 0.032101834733369146,
      "tn": 674,
      "fp": 0,
      "fn": 4,
      "tp": 906,
      "auroc": 0.9997391332702905,
      "auprc": 0.9998192402627645
    }
  },
  "test_at_validation_selected_thresholds": {
    "balanced_accuracy": {
      "threshold": 0.7605767846107483,
      "accuracy": 0.9924480805538074,
      "balanced_accuracy": 0.9920132319058836,
      "f1": 0.9932960893854749,
      "precision": 0.9910813823857302,
      "recall_sensitivity": 0.9955207166853304,
      "specificity": 0.9885057471264368,
      "ece": 0.029176959615641655,
      "tn": 688,
      "fp": 8,
      "fn": 4,
      "tp": 889,
      "auroc": 0.9982687827418877,
      "auprc": 0.9990122611687282
    },
    "f1": {
      "threshold": 0.7605767846107483,
      "accuracy": 0.9924480805538074,
      "balanced_accuracy": 0.9920132319058836,
      "f1": 0.9932960893854749,
      "precision": 0.9910813823857302,
      "recall_sensitivity": 0.9955207166853304,
      "specificity": 0.9885057471264368,
      "ece": 0.029176959615641655,
      "tn": 688,
      "fp": 8,
      "fn": 4,
      "tp": 889,
      "auroc": 0.9982687827418877,
      "auprc": 0.9990122611687282
    },
    "youden": {
      "threshold": 0.7605767846107483,
      "accuracy": 0.9924480805538074,
      "balanced_accuracy": 0.9920132319058836,
      "f1": 0.9932960893854749,
      "precision": 0.9910813823857302,
      "recall_sensitivity": 0.9955207166853304,
      "specificity": 0.9885057471264368,
      "ece": 0.029176959615641655,
      "tn": 688,
      "fp": 8,
      "fn": 4,
      "tp": 889,
      "auroc": 0.9982687827418877,
      "auprc": 0.9990122611687282
    },
    "sensitivity_90": {
      "threshold": 0.7605767846107483,
      "accuracy": 0.9924480805538074,
      "balanced_accuracy": 0.9920132319058836,
      "f1": 0.9932960893854749,
      "precision": 0.9910813823857302,
      "recall_sensitivity": 0.9955207166853304,
      "specificity": 0.9885057471264368,
      "ece": 0.029176959615641655,
      "tn": 688,
      "fp": 8,
      "fn": 4,
      "tp": 889,
      "auroc": 0.9982687827418877,
      "auprc": 0.9990122611687282
    }
  }
}