{
  "checkpoint": "runs/resnet18_supervised_phash_10pct_e1/best_model.pt",
  "split_csv": "metadata/splits_near_duplicate_aware_phash.csv",
  "validation_default": {
    "threshold": 0.5,
    "accuracy": 0.9412878787878788,
    "balanced_accuracy": 0.9489010989010989,
    "f1": 0.9461493920092646,
    "precision": 1.0,
    "recall_sensitivity": 0.8978021978021978,
    "specificity": 1.0,
    "ece": 0.27993617165419793,
    "tn": 674,
    "fp": 0,
    "fn": 93,
    "tp": 817,
    "auroc": 0.9875892653340725,
    "auprc": 0.9923559601012852
  },
  "test_default": {
    "threshold": 0.5,
    "accuracy": 0.9427312775330396,
    "balanced_accuracy": 0.9490481522956327,
    "f1": 0.9463126843657818,
    "precision": 1.0,
    "recall_sensitivity": 0.8980963045912654,
    "specificity": 1.0,
    "ece": 0.2900798082951857,
    "tn": 696,
    "fp": 0,
    "fn": 91,
    "tp": 802,
    "auroc": 0.9929914661929954,
    "auprc": 0.9956003950814118
  },
  "validation_selected": {
    "balanced_accuracy": {
      "selected_threshold": 0.45796558260917664,
      "threshold": 0.45796558260917664,
      "accuracy": 0.9532828282828283,
      "balanced_accuracy": 0.9570319887827307,
      "f1": 0.9581920903954803,
      "precision": 0.986046511627907,
      "recall_sensitivity": 0.9318681318681319,
      "specificity": 0.9821958456973294,
      "ece": 0.27993617165419793,
      "tn": 662,
      "fp": 12,
      "fn": 62,
      "tp": 848,
      "auroc": 0.9875892653340725,
      "auprc": 0.9923559601012852
    },
    "f1": {
      "selected_threshold": 0.45796558260917664,
      "threshold": 0.45796558260917664,
      "accuracy": 0.9532828282828283,
      "balanced_accuracy": 0.9570319887827307,
      "f1": 0.9581920903954803,
      "precision": 0.986046511627907,
      "recall_sensitivity": 0.9318681318681319,
      "specificity": 0.9821958456973294,
      "ece": 0.27993617165419793,
      "tn": 662,
      "fp": 12,
      "fn": 62,
      "tp": 848,
      "auroc": 0.9875892653340725,
      "auprc": 0.9923559601012852
    },
    "youden": {
      "selected_threshold": 0.45796558260917664,
      "threshold": 0.45796558260917664,
      "accuracy": 0.9532828282828283,
      "balanced_accuracy": 0.9570319887827307,
      "f1": 0.9581920903954803,
      "precision": 0.986046511627907,
      "recall_sensitivity": 0.9318681318681319,
      "specificity": 0.9821958456973294,
      "ece": 0.27993617165419793,
      "tn": 662,
      "fp": 12,
      "fn": 62,
      "tp": 848,
      "auroc": 0.9875892653340725,
      "auprc": 0.9923559601012852
    },
    "sensitivity_90": {
      "selected_threshold": 0.489277720451355,
      "threshold": 0.489277720451355,
      "accuracy": 0.9463383838383839,
      "balanced_accuracy": 0.9532967032967032,
      "f1": 0.9510086455331412,
      "precision": 1.0,
      "recall_sensitivity": 0.9065934065934066,
      "specificity": 1.0,
      "ece": 0.27993617165419793,
      "tn": 674,
      "fp": 0,
      "fn": 85,
      "tp": 825,
      "auroc": 0.9875892653340725,
      "auprc": 0.9923559601012852
    }
  },
  "test_at_validation_selected_thresholds": {
    "balanced_accuracy": {
      "threshold": 0.45796558260917664,
      "accuracy": 0.9653870358716173,
      "balanced_accuracy": 0.9679370840895342,
      "f1": 0.9685174585002863,
      "precision": 0.990632318501171,
      "recall_sensitivity": 0.9473684210526315,
      "specificity": 0.9885057471264368,
      "ece": 0.2900798082951857,
      "tn": 688,
      "fp": 8,
      "fn": 47,
      "tp": 846,
      "auroc": 0.9929914661929954,
      "auprc": 0.9956003950814118
    },
    "f1": {
      "threshold": 0.45796558260917664,
      "accuracy": 0.9653870358716173,
      "balanced_accuracy": 0.9679370840895342,
      "f1": 0.9685174585002863,
      "precision": 0.990632318501171,
      "recall_sensitivity": 0.9473684210526315,
      "specificity": 0.9885057471264368,
      "ece": 0.2900798082951857,
      "tn": 688,
      "fp": 8,
      "fn": 47,
      "tp": 846,
      "auroc": 0.9929914661929954,
      "auprc": 0.9956003950814118
    },
    "youden": {
      "threshold": 0.45796558260917664,
      "accuracy": 0.9653870358716173,
      "balanced_accuracy": 0.9679370840895342,
      "f1": 0.9685174585002863,
      "precision": 0.990632318501171,
      "recall_sensitivity": 0.9473684210526315,
      "specificity": 0.9885057471264368,
      "ece": 0.2900798082951857,
      "tn": 688,
      "fp": 8,
      "fn": 47,
      "tp": 846,
      "auroc": 0.9929914661929954,
      "auprc": 0.9956003950814118
    },
    "sensitivity_90": {
      "threshold": 0.489277720451355,
      "accuracy": 0.946507237256136,
      "balanced_accuracy": 0.9524076147816349,
      "f1": 0.9500293944738389,
      "precision": 1.0,
      "recall_sensitivity": 0.9048152295632699,
      "specificity": 1.0,
      "ece": 0.2900798082951857,
      "tn": 696,
      "fp": 0,
      "fn": 85,
      "tp": 808,
      "auroc": 0.9929914661929954,
      "auprc": 0.9956003950814118
    }
  }
}