{
  "checkpoint": "runs/resnet18_supervised_phash_10pct_seed7_e1/best_model.pt",
  "split_csv": "metadata/splits_near_duplicate_aware_phash.csv",
  "validation_default": {
    "threshold": 0.5,
    "accuracy": 0.9141414141414141,
    "balanced_accuracy": 0.9202726057325463,
    "f1": 0.9216589861751152,
    "precision": 0.9685230024213075,
    "recall_sensitivity": 0.8791208791208791,
    "specificity": 0.9614243323442137,
    "ece": 0.29267793549506954,
    "tn": 648,
    "fp": 26,
    "fn": 110,
    "tp": 800,
    "auroc": 0.9608797730459451,
    "auprc": 0.9768545095161413
  },
  "test_default": {
    "threshold": 0.5,
    "accuracy": 0.9175582127123977,
    "balanced_accuracy": 0.9241160494780605,
    "f1": 0.9223473621813871,
    "precision": 0.9798488664987406,
    "recall_sensitivity": 0.8712206047032475,
    "specificity": 0.9770114942528736,
    "ece": 0.2957995479552532,
    "tn": 680,
    "fp": 16,
    "fn": 115,
    "tp": 778,
    "auroc": 0.9626887284241418,
    "auprc": 0.9767865896373289
  },
  "validation_selected": {
    "balanced_accuracy": {
      "selected_threshold": 0.5160716772079468,
      "threshold": 0.5160716772079468,
      "accuracy": 0.922979797979798,
      "balanced_accuracy": 0.9321974761143901,
      "f1": 0.9284876905041032,
      "precision": 0.9949748743718593,
      "recall_sensitivity": 0.8703296703296703,
      "specificity": 0.9940652818991098,
      "ece": 0.29267793549506954,
      "tn": 670,
      "fp": 4,
      "fn": 118,
      "tp": 792,
      "auroc": 0.9608797730459451,
      "auprc": 0.9768545095161413
    },
    "f1": {
      "selected_threshold": 0.5069211721420288,
      "threshold": 0.5069211721420288,
      "accuracy": 0.922979797979798,
      "balanced_accuracy": 0.9310431408354257,
      "f1": 0.9289871944121071,
      "precision": 0.9876237623762376,
      "recall_sensitivity": 0.8769230769230769,
      "specificity": 0.9851632047477745,
      "ece": 0.29267793549506954,
      "tn": 664,
      "fp": 10,
      "fn": 112,
      "tp": 798,
      "auroc": 0.9608797730459451,
      "auprc": 0.9768545095161413
    },
    "youden": {
      "selected_threshold": 0.5160716772079468,
      "threshold": 0.5160716772079468,
      "accuracy": 0.922979797979798,
      "balanced_accuracy": 0.9321974761143901,
      "f1": 0.9284876905041032,
      "precision": 0.9949748743718593,
      "recall_sensitivity": 0.8703296703296703,
      "specificity": 0.9940652818991098,
      "ece": 0.29267793549506954,
      "tn": 670,
      "fp": 4,
      "fn": 118,
      "tp": 792,
      "auroc": 0.9608797730459451,
      "auprc": 0.9768545095161413
    },
    "sensitivity_90": {
      "selected_threshold": 0.4546509087085724,
      "threshold": 0.4546509087085724,
      "accuracy": 0.8869949494949495,
      "balanced_accuracy": 0.8847181008902077,
      "f1": 0.9014859658778206,
      "precision": 0.9029768467475193,
      "recall_sensitivity": 0.9,
      "specificity": 0.8694362017804155,
      "ece": 0.29267793549506954,
      "tn": 586,
      "fp": 88,
      "fn": 91,
      "tp": 819,
      "auroc": 0.9608797730459451,
      "auprc": 0.9768545095161413
    }
  },
  "test_at_validation_selected_thresholds": {
    "balanced_accuracy": {
      "threshold": 0.5160716772079468,
      "accuracy": 0.9238514789175583,
      "balanced_accuracy": 0.9316169183045655,
      "f1": 0.9276748356246264,
      "precision": 0.9948717948717949,
      "recall_sensitivity": 0.8689809630459127,
      "specificity": 0.9942528735632183,
      "ece": 0.2957995479552532,
      "tn": 692,
      "fp": 4,
      "fn": 117,
      "tp": 776,
      "auroc": 0.9626887284241418,
      "auprc": 0.9767865896373289
    },
    "f1": {
      "threshold": 0.5069211721420288,
      "accuracy": 0.9194461925739459,
      "balanced_accuracy": 0.9264297022821176,
      "f1": 0.9239001189060642,
      "precision": 0.9847908745247148,
      "recall_sensitivity": 0.8701007838745801,
      "specificity": 0.9827586206896551,
      "ece": 0.2957995479552532,
      "tn": 684,
      "fp": 12,
      "fn": 116,
      "tp": 777,
      "auroc": 0.9626887284241418,
      "auprc": 0.9767865896373289
    },
    "youden": {
      "threshold": 0.5160716772079468,
      "accuracy": 0.9238514789175583,
      "balanced_accuracy": 0.9316169183045655,
      "f1": 0.9276748356246264,
      "precision": 0.9948717948717949,
      "recall_sensitivity": 0.8689809630459127,
      "specificity": 0.9942528735632183,
      "ece": 0.2957995479552532,
      "tn": 692,
      "fp": 4,
      "fn": 117,
      "tp": 776,
      "auroc": 0.9626887284241418,
      "auprc": 0.9767865896373289
    },
    "sensitivity_90": {
      "threshold": 0.4546509087085724,
      "accuracy": 0.8930144745122719,
      "balanced_accuracy": 0.8915028767810943,
      "f1": 0.9047085201793722,
      "precision": 0.9057239057239057,
      "recall_sensitivity": 0.9036954087346024,
      "specificity": 0.8793103448275862,
      "ece": 0.2957995479552532,
      "tn": 612,
      "fp": 84,
      "fn": 86,
      "tp": 807,
      "auroc": 0.9626887284241418,
      "auprc": 0.9767865896373289
    }
  }
}