{
  "checkpoint": "runs/simclr_resnet18_phash_e25_finetune_25pct_seed7_e1/best_model.pt",
  "split_csv": "metadata/splits_near_duplicate_aware_phash.csv",
  "validation_default": {
    "threshold": 0.5,
    "accuracy": 0.9179292929292929,
    "balanced_accuracy": 0.9285714285714286,
    "f1": 0.9230769230769231,
    "precision": 1.0,
    "recall_sensitivity": 0.8571428571428571,
    "specificity": 1.0,
    "ece": 0.06250758262144196,
    "tn": 674,
    "fp": 0,
    "fn": 130,
    "tp": 780,
    "auroc": 0.9815175922000847,
    "auprc": 0.9887784467163583
  },
  "test_default": {
    "threshold": 0.5,
    "accuracy": 0.9257394587791064,
    "balanced_accuracy": 0.9339305711086225,
    "f1": 0.9292565947242206,
    "precision": 1.0,
    "recall_sensitivity": 0.8678611422172452,
    "specificity": 1.0,
    "ece": 0.05951928303977319,
    "tn": 696,
    "fp": 0,
    "fn": 118,
    "tp": 775,
    "auroc": 0.9838623521386003,
    "auprc": 0.989748781819284
  },
  "validation_selected": {
    "balanced_accuracy": {
      "selected_threshold": 0.23272940516471863,
      "threshold": 0.23272940516471863,
      "accuracy": 0.9375,
      "balanced_accuracy": 0.941756611341181,
      "f1": 0.9437819420783645,
      "precision": 0.9764982373678026,
      "recall_sensitivity": 0.9131868131868132,
      "specificity": 0.9703264094955489,
      "ece": 0.06250758262144196,
      "tn": 654,
      "fp": 20,
      "fn": 79,
      "tp": 831,
      "auroc": 0.9815175922000847,
      "auprc": 0.9887784467163583
    },
    "f1": {
      "selected_threshold": 0.1819356083869934,
      "threshold": 0.1819356083869934,
      "accuracy": 0.9362373737373737,
      "balanced_accuracy": 0.9329621417158509,
      "f1": 0.945078847199565,
      "precision": 0.9354144241119483,
      "recall_sensitivity": 0.954945054945055,
      "specificity": 0.9109792284866469,
      "ece": 0.06250758262144196,
      "tn": 614,
      "fp": 60,
      "fn": 41,
      "tp": 869,
      "auroc": 0.9815175922000847,
      "auprc": 0.9887784467163583
    },
    "youden": {
      "selected_threshold": 0.23272940516471863,
      "threshold": 0.23272940516471863,
      "accuracy": 0.9375,
      "balanced_accuracy": 0.941756611341181,
      "f1": 0.9437819420783645,
      "precision": 0.9764982373678026,
      "recall_sensitivity": 0.9131868131868132,
      "specificity": 0.9703264094955489,
      "ece": 0.06250758262144196,
      "tn": 654,
      "fp": 20,
      "fn": 79,
      "tp": 831,
      "auroc": 0.9815175922000847,
      "auprc": 0.9887784467163583
    },
    "sensitivity_90": {
      "selected_threshold": 0.2420121729373932,
      "threshold": 0.2420121729373932,
      "accuracy": 0.9362373737373737,
      "balanced_accuracy": 0.9410424886686014,
      "f1": 0.9424501424501425,
      "precision": 0.978698224852071,
      "recall_sensitivity": 0.9087912087912088,
      "specificity": 0.973293768545994,
      "ece": 0.06250758262144196,
      "tn": 656,
      "fp": 18,
      "fn": 83,
      "tp": 827,
      "auroc": 0.9815175922000847,
      "auprc": 0.9887784467163583
    }
  },
  "test_at_validation_selected_thresholds": {
    "balanced_accuracy": {
      "threshold": 0.23272940516471863,
      "accuracy": 0.9395846444304594,
      "balanced_accuracy": 0.9395924238328764,
      "f1": 0.9458850056369785,
      "precision": 0.9523269012485811,
      "recall_sensitivity": 0.9395296752519597,
      "specificity": 0.9396551724137931,
      "ece": 0.05951928303977319,
      "tn": 654,
      "fp": 42,
      "fn": 54,
      "tp": 839,
      "auroc": 0.9838623521386003,
      "auprc": 0.989748781819284
    },
    "f1": {
      "threshold": 0.1819356083869934,
      "accuracy": 0.9257394587791064,
      "balanced_accuracy": 0.9206182183264471,
      "f1": 0.9357298474945533,
      "precision": 0.9109225874867445,
      "recall_sensitivity": 0.961926091825308,
      "specificity": 0.8793103448275862,
      "ece": 0.05951928303977319,
      "tn": 612,
      "fp": 84,
      "fn": 34,
      "tp": 859,
      "auroc": 0.9838623521386003,
      "auprc": 0.989748781819284
    },
    "youden": {
      "threshold": 0.23272940516471863,
      "accuracy": 0.9395846444304594,
      "balanced_accuracy": 0.9395924238328764,
      "f1": 0.9458850056369785,
      "precision": 0.9523269012485811,
      "recall_sensitivity": 0.9395296752519597,
      "specificity": 0.9396551724137931,
      "ece": 0.05951928303977319,
      "tn": 654,
      "fp": 42,
      "fn": 54,
      "tp": 839,
      "auroc": 0.9838623521386003,
      "auprc": 0.989748781819284
    },
    "sensitivity_90": {
      "threshold": 0.2420121729373932,
      "accuracy": 0.9370673379483953,
      "balanced_accuracy": 0.9373527821755416,
      "f1": 0.943502824858757,
      "precision": 0.9521094640820981,
      "recall_sensitivity": 0.93505039193729,
      "specificity": 0.9396551724137931,
      "ece": 0.05951928303977319,
      "tn": 654,
      "fp": 42,
      "fn": 58,
      "tp": 835,
      "auroc": 0.9838623521386003,
      "auprc": 0.989748781819284
    }
  }
}