{
  "checkpoint": "runs/simclr_resnet18_phash_e25_finetune_50pct_e1/best_model.pt",
  "split_csv": "metadata/splits_near_duplicate_aware_phash.csv",
  "validation_default": {
    "threshold": 0.5,
    "accuracy": 0.9450757575757576,
    "balanced_accuracy": 0.9521978021978021,
    "f1": 0.949798038084247,
    "precision": 1.0,
    "recall_sensitivity": 0.9043956043956044,
    "specificity": 1.0,
    "ece": 0.04630441300928442,
    "tn": 674,
    "fp": 0,
    "fn": 87,
    "tp": 823,
    "auroc": 0.9874294844621253,
    "auprc": 0.9921251957042271
  },
  "test_default": {
    "threshold": 0.5,
    "accuracy": 0.948395217117684,
    "balanced_accuracy": 0.9540873460246361,
    "f1": 0.9518779342723005,
    "precision": 1.0,
    "recall_sensitivity": 0.9081746920492721,
    "specificity": 1.0,
    "ece": 0.05769640697978669,
    "tn": 696,
    "fp": 0,
    "fn": 82,
    "tp": 811,
    "auroc": 0.9892909088568818,
    "auprc": 0.9932616015063769
  },
  "validation_selected": {
    "balanced_accuracy": {
      "selected_threshold": 0.4667515754699707,
      "threshold": 0.4667515754699707,
      "accuracy": 0.952020202020202,
      "balanced_accuracy": 0.9582417582417582,
      "f1": 0.9564220183486238,
      "precision": 1.0,
      "recall_sensitivity": 0.9164835164835164,
      "specificity": 1.0,
      "ece": 0.04630441300928442,
      "tn": 674,
      "fp": 0,
      "fn": 76,
      "tp": 834,
      "auroc": 0.9874294844621253,
      "auprc": 0.9921251957042271
    },
    "f1": {
      "selected_threshold": 0.3745056092739105,
      "threshold": 0.3745056092739105,
      "accuracy": 0.9507575757575758,
      "balanced_accuracy": 0.9517559591743567,
      "f1": 0.9566184649610678,
      "precision": 0.9684684684684685,
      "recall_sensitivity": 0.945054945054945,
      "specificity": 0.9584569732937686,
      "ece": 0.04630441300928442,
      "tn": 646,
      "fp": 28,
      "fn": 50,
      "tp": 860,
      "auroc": 0.9874294844621253,
      "auprc": 0.9921251957042271
    },
    "youden": {
      "selected_threshold": 0.4667515754699707,
      "threshold": 0.4667515754699707,
      "accuracy": 0.952020202020202,
      "balanced_accuracy": 0.9582417582417582,
      "f1": 0.9564220183486238,
      "precision": 1.0,
      "recall_sensitivity": 0.9164835164835164,
      "specificity": 1.0,
      "ece": 0.04630441300928442,
      "tn": 674,
      "fp": 0,
      "fn": 76,
      "tp": 834,
      "auroc": 0.9874294844621253,
      "auprc": 0.9921251957042271
    },
    "sensitivity_90": {
      "selected_threshold": 0.4667515754699707,
      "threshold": 0.4667515754699707,
      "accuracy": 0.952020202020202,
      "balanced_accuracy": 0.9582417582417582,
      "f1": 0.9564220183486238,
      "precision": 1.0,
      "recall_sensitivity": 0.9164835164835164,
      "specificity": 1.0,
      "ece": 0.04630441300928442,
      "tn": 674,
      "fp": 0,
      "fn": 76,
      "tp": 834,
      "auroc": 0.9874294844621253,
      "auprc": 0.9921251957042271
    }
  },
  "test_at_validation_selected_thresholds": {
    "balanced_accuracy": {
      "threshold": 0.4667515754699707,
      "accuracy": 0.9597230962869729,
      "balanced_accuracy": 0.9641657334826428,
      "f1": 0.9628339140534262,
      "precision": 1.0,
      "recall_sensitivity": 0.9283314669652856,
      "specificity": 1.0,
      "ece": 0.05769640697978669,
      "tn": 696,
      "fp": 0,
      "fn": 64,
      "tp": 829,
      "auroc": 0.9892909088568818,
      "auprc": 0.9932616015063769
    },
    "f1": {
      "threshold": 0.3745056092739105,
      "accuracy": 0.9553178099433606,
      "balanced_accuracy": 0.9558089096549149,
      "f1": 0.9599096555618295,
      "precision": 0.9681093394077449,
      "recall_sensitivity": 0.9518477043673013,
      "specificity": 0.9597701149425287,
      "ece": 0.05769640697978669,
      "tn": 668,
      "fp": 28,
      "fn": 43,
      "tp": 850,
      "auroc": 0.9892909088568818,
      "auprc": 0.9932616015063769
    },
    "youden": {
      "threshold": 0.4667515754699707,
      "accuracy": 0.9597230962869729,
      "balanced_accuracy": 0.9641657334826428,
      "f1": 0.9628339140534262,
      "precision": 1.0,
      "recall_sensitivity": 0.9283314669652856,
      "specificity": 1.0,
      "ece": 0.05769640697978669,
      "tn": 696,
      "fp": 0,
      "fn": 64,
      "tp": 829,
      "auroc": 0.9892909088568818,
      "auprc": 0.9932616015063769
    },
    "sensitivity_90": {
      "threshold": 0.4667515754699707,
      "accuracy": 0.9597230962869729,
      "balanced_accuracy": 0.9641657334826428,
      "f1": 0.9628339140534262,
      "precision": 1.0,
      "recall_sensitivity": 0.9283314669652856,
      "specificity": 1.0,
      "ece": 0.05769640697978669,
      "tn": 696,
      "fp": 0,
      "fn": 64,
      "tp": 829,
      "auroc": 0.9892909088568818,
      "auprc": 0.9932616015063769
    }
  }
}