{
  "checkpoint": "runs/resnet18_supervised_phash_50pct_seed123_e10/best_model.pt",
  "split_csv": "metadata/splits_near_duplicate_aware_phash.csv",
  "validation_default": {
    "threshold": 0.5,
    "accuracy": 0.9993686868686869,
    "balanced_accuracy": 0.9994505494505495,
    "f1": 0.999450247388675,
    "precision": 1.0,
    "recall_sensitivity": 0.9989010989010989,
    "specificity": 1.0,
    "ece": 0.0033035544027916323,
    "tn": 674,
    "fp": 0,
    "fn": 1,
    "tp": 909,
    "auroc": 0.999990217497636,
    "auprc": 0.9999928019578674
  },
  "test_default": {
    "threshold": 0.5,
    "accuracy": 0.9981120201384519,
    "balanced_accuracy": 0.9983202687569989,
    "f1": 0.9983174425126192,
    "precision": 1.0,
    "recall_sensitivity": 0.9966405375139977,
    "specificity": 1.0,
    "ece": 0.0015485550599408887,
    "tn": 696,
    "fp": 0,
    "fn": 3,
    "tp": 890,
    "auroc": 0.9990603802242217,
    "auprc": 0.9994031754308166
  },
  "validation_selected": {
    "balanced_accuracy": {
      "selected_threshold": 0.515183687210083,
      "threshold": 0.515183687210083,
      "accuracy": 0.9993686868686869,
      "balanced_accuracy": 0.9994505494505495,
      "f1": 0.999450247388675,
      "precision": 1.0,
      "recall_sensitivity": 0.9989010989010989,
      "specificity": 1.0,
      "ece": 0.0033035544027916323,
      "tn": 674,
      "fp": 0,
      "fn": 1,
      "tp": 909,
      "auroc": 0.999990217497636,
      "auprc": 0.9999928019578674
    },
    "f1": {
      "selected_threshold": 0.515183687210083,
      "threshold": 0.515183687210083,
      "accuracy": 0.9993686868686869,
      "balanced_accuracy": 0.9994505494505495,
      "f1": 0.999450247388675,
      "precision": 1.0,
      "recall_sensitivity": 0.9989010989010989,
      "specificity": 1.0,
      "ece": 0.0033035544027916323,
      "tn": 674,
      "fp": 0,
      "fn": 1,
      "tp": 909,
      "auroc": 0.999990217497636,
      "auprc": 0.9999928019578674
    },
    "youden": {
      "selected_threshold": 0.515183687210083,
      "threshold": 0.515183687210083,
      "accuracy": 0.9993686868686869,
      "balanced_accuracy": 0.9994505494505495,
      "f1": 0.999450247388675,
      "precision": 1.0,
      "recall_sensitivity": 0.9989010989010989,
      "specificity": 1.0,
      "ece": 0.0033035544027916323,
      "tn": 674,
      "fp": 0,
      "fn": 1,
      "tp": 909,
      "auroc": 0.999990217497636,
      "auprc": 0.9999928019578674
    },
    "sensitivity_90": {
      "selected_threshold": 0.515183687210083,
      "threshold": 0.515183687210083,
      "accuracy": 0.9993686868686869,
      "balanced_accuracy": 0.9994505494505495,
      "f1": 0.999450247388675,
      "precision": 1.0,
      "recall_sensitivity": 0.9989010989010989,
      "specificity": 1.0,
      "ece": 0.0033035544027916323,
      "tn": 674,
      "fp": 0,
      "fn": 1,
      "tp": 909,
      "auroc": 0.999990217497636,
      "auprc": 0.9999928019578674
    }
  },
  "test_at_validation_selected_thresholds": {
    "balanced_accuracy": {
      "threshold": 0.515183687210083,
      "accuracy": 0.9981120201384519,
      "balanced_accuracy": 0.9983202687569989,
      "f1": 0.9983174425126192,
      "precision": 1.0,
      "recall_sensitivity": 0.9966405375139977,
      "specificity": 1.0,
      "ece": 0.0015485550599408887,
      "tn": 696,
      "fp": 0,
      "fn": 3,
      "tp": 890,
      "auroc": 0.9990603802242217,
      "auprc": 0.9994031754308166
    },
    "f1": {
      "threshold": 0.515183687210083,
      "accuracy": 0.9981120201384519,
      "balanced_accuracy": 0.9983202687569989,
      "f1": 0.9983174425126192,
      "precision": 1.0,
      "recall_sensitivity": 0.9966405375139977,
      "specificity": 1.0,
      "ece": 0.0015485550599408887,
      "tn": 696,
      "fp": 0,
      "fn": 3,
      "tp": 890,
      "auroc": 0.9990603802242217,
      "auprc": 0.9994031754308166
    },
    "youden": {
      "threshold": 0.515183687210083,
      "accuracy": 0.9981120201384519,
      "balanced_accuracy": 0.9983202687569989,
      "f1": 0.9983174425126192,
      "precision": 1.0,
      "recall_sensitivity": 0.9966405375139977,
      "specificity": 1.0,
      "ece": 0.0015485550599408887,
      "tn": 696,
      "fp": 0,
      "fn": 3,
      "tp": 890,
      "auroc": 0.9990603802242217,
      "auprc": 0.9994031754308166
    },
    "sensitivity_90": {
      "threshold": 0.515183687210083,
      "accuracy": 0.9981120201384519,
      "balanced_accuracy": 0.9983202687569989,
      "f1": 0.9983174425126192,
      "precision": 1.0,
      "recall_sensitivity": 0.9966405375139977,
      "specificity": 1.0,
      "ece": 0.0015485550599408887,
      "tn": 696,
      "fp": 0,
      "fn": 3,
      "tp": 890,
      "auroc": 0.9990603802242217,
      "auprc": 0.9994031754308166
    }
  }
}