{
  "checkpoint": "runs/resnet18_supervised_phash_5pct_e1/best_model.pt",
  "split_csv": "metadata/splits_near_duplicate_aware_phash.csv",
  "validation_default": {
    "threshold": 0.5,
    "accuracy": 0.8327020202020202,
    "balanced_accuracy": 0.8543956043956045,
    "f1": 0.8295819935691319,
    "precision": 1.0,
    "recall_sensitivity": 0.7087912087912088,
    "specificity": 1.0,
    "ece": 0.2509600351555179,
    "tn": 674,
    "fp": 0,
    "fn": 265,
    "tp": 645,
    "auroc": 0.9710405321681287,
    "auprc": 0.9826847008892112
  },
  "test_default": {
    "threshold": 0.5,
    "accuracy": 0.8105726872246696,
    "balanced_accuracy": 0.8314669652855543,
    "f1": 0.7973063973063973,
    "precision": 1.0,
    "recall_sensitivity": 0.6629339305711086,
    "specificity": 1.0,
    "ece": 0.23557903580578562,
    "tn": 696,
    "fp": 0,
    "fn": 301,
    "tp": 592,
    "auroc": 0.9733559871799822,
    "auprc": 0.9821342529579119
  },
  "validation_selected": {
    "balanced_accuracy": {
      "selected_threshold": 0.4348977208137512,
      "threshold": 0.4348977208137512,
      "accuracy": 0.9299242424242424,
      "balanced_accuracy": 0.9274676362213454,
      "f1": 0.9393110989611809,
      "precision": 0.9347116430903155,
      "recall_sensitivity": 0.9439560439560439,
      "specificity": 0.9109792284866469,
      "ece": 0.2509600351555179,
      "tn": 614,
      "fp": 60,
      "fn": 51,
      "tp": 859,
      "auroc": 0.9710405321681287,
      "auprc": 0.9826847008892112
    },
    "f1": {
      "selected_threshold": 0.4348977208137512,
      "threshold": 0.4348977208137512,
      "accuracy": 0.9299242424242424,
      "balanced_accuracy": 0.9274676362213454,
      "f1": 0.9393110989611809,
      "precision": 0.9347116430903155,
      "recall_sensitivity": 0.9439560439560439,
      "specificity": 0.9109792284866469,
      "ece": 0.2509600351555179,
      "tn": 614,
      "fp": 60,
      "fn": 51,
      "tp": 859,
      "auroc": 0.9710405321681287,
      "auprc": 0.9826847008892112
    },
    "youden": {
      "selected_threshold": 0.4348977208137512,
      "threshold": 0.4348977208137512,
      "accuracy": 0.9299242424242424,
      "balanced_accuracy": 0.9274676362213454,
      "f1": 0.9393110989611809,
      "precision": 0.9347116430903155,
      "recall_sensitivity": 0.9439560439560439,
      "specificity": 0.9109792284866469,
      "ece": 0.2509600351555179,
      "tn": 614,
      "fp": 60,
      "fn": 51,
      "tp": 859,
      "auroc": 0.9710405321681287,
      "auprc": 0.9826847008892112
    },
    "sensitivity_90": {
      "selected_threshold": 0.4446273148059845,
      "threshold": 0.4446273148059845,
      "accuracy": 0.9204545454545454,
      "balanced_accuracy": 0.9234584406691232,
      "f1": 0.9288135593220339,
      "precision": 0.9558139534883721,
      "recall_sensitivity": 0.9032967032967033,
      "specificity": 0.9436201780415431,
      "ece": 0.2509600351555179,
      "tn": 636,
      "fp": 38,
      "fn": 88,
      "tp": 822,
      "auroc": 0.9710405321681287,
      "auprc": 0.9826847008892112
    }
  },
  "test_at_validation_selected_thresholds": {
    "balanced_accuracy": {
      "threshold": 0.4348977208137512,
      "accuracy": 0.9062303335431089,
      "balanced_accuracy": 0.9013592307989342,
      "f1": 0.918534718425369,
      "precision": 0.8974358974358975,
      "recall_sensitivity": 0.9406494960806271,
      "specificity": 0.8620689655172413,
      "ece": 0.23557903580578562,
      "tn": 600,
      "fp": 96,
      "fn": 53,
      "tp": 840,
      "auroc": 0.9733559871799822,
      "auprc": 0.9821342529579119
    },
    "f1": {
      "threshold": 0.4348977208137512,
      "accuracy": 0.9062303335431089,
      "balanced_accuracy": 0.9013592307989342,
      "f1": 0.918534718425369,
      "precision": 0.8974358974358975,
      "recall_sensitivity": 0.9406494960806271,
      "specificity": 0.8620689655172413,
      "ece": 0.23557903580578562,
      "tn": 600,
      "fp": 96,
      "fn": 53,
      "tp": 840,
      "auroc": 0.9733559871799822,
      "auprc": 0.9821342529579119
    },
    "youden": {
      "threshold": 0.4348977208137512,
      "accuracy": 0.9062303335431089,
      "balanced_accuracy": 0.9013592307989342,
      "f1": 0.918534718425369,
      "precision": 0.8974358974358975,
      "recall_sensitivity": 0.9406494960806271,
      "specificity": 0.8620689655172413,
      "ece": 0.23557903580578562,
      "tn": 600,
      "fp": 96,
      "fn": 53,
      "tp": 840,
      "auroc": 0.9733559871799822,
      "auprc": 0.9821342529579119
    },
    "sensitivity_90": {
      "threshold": 0.4446273148059845,
      "accuracy": 0.906859660163625,
      "balanced_accuracy": 0.9054057097990758,
      "f1": 0.9171332586786114,
      "precision": 0.9171332586786114,
      "recall_sensitivity": 0.9171332586786114,
      "specificity": 0.8936781609195402,
      "ece": 0.23557903580578562,
      "tn": 622,
      "fp": 74,
      "fn": 74,
      "tp": 819,
      "auroc": 0.9733559871799822,
      "auprc": 0.9821342529579119
    }
  }
}