{
  "checkpoint": "runs/simclr_resnet18_phash_e25_finetune_50pct_e5/best_model.pt",
  "split_csv": "metadata/splits_near_duplicate_aware_phash.csv",
  "validation_default": {
    "threshold": 0.5,
    "accuracy": 0.9589646464646465,
    "balanced_accuracy": 0.9642857142857143,
    "f1": 0.9629629629629629,
    "precision": 1.0,
    "recall_sensitivity": 0.9285714285714286,
    "specificity": 1.0,
    "ece": 0.030316954153334692,
    "tn": 674,
    "fp": 0,
    "fn": 65,
    "tp": 845,
    "auroc": 0.9997326116020478,
    "auprc": 0.9998321975975606
  },
  "test_default": {
    "threshold": 0.5,
    "accuracy": 0.9622404027690371,
    "balanced_accuracy": 0.9664053751399776,
    "f1": 0.9652375434530707,
    "precision": 1.0,
    "recall_sensitivity": 0.9328107502799552,
    "specificity": 1.0,
    "ece": 0.02844302075293178,
    "tn": 696,
    "fp": 0,
    "fn": 60,
    "tp": 833,
    "auroc": 0.9981271962003321,
    "auprc": 0.9988899198621214
  },
  "validation_selected": {
    "balanced_accuracy": {
      "selected_threshold": 0.14494416117668152,
      "threshold": 0.14494416117668152,
      "accuracy": 0.9993686868686869,
      "balanced_accuracy": 0.9994505494505495,
      "f1": 0.999450247388675,
      "precision": 1.0,
      "recall_sensitivity": 0.9989010989010989,
      "specificity": 1.0,
      "ece": 0.030316954153334692,
      "tn": 674,
      "fp": 0,
      "fn": 1,
      "tp": 909,
      "auroc": 0.9997326116020478,
      "auprc": 0.9998321975975606
    },
    "f1": {
      "selected_threshold": 0.14494416117668152,
      "threshold": 0.14494416117668152,
      "accuracy": 0.9993686868686869,
      "balanced_accuracy": 0.9994505494505495,
      "f1": 0.999450247388675,
      "precision": 1.0,
      "recall_sensitivity": 0.9989010989010989,
      "specificity": 1.0,
      "ece": 0.030316954153334692,
      "tn": 674,
      "fp": 0,
      "fn": 1,
      "tp": 909,
      "auroc": 0.9997326116020478,
      "auprc": 0.9998321975975606
    },
    "youden": {
      "selected_threshold": 0.14494416117668152,
      "threshold": 0.14494416117668152,
      "accuracy": 0.9993686868686869,
      "balanced_accuracy": 0.9994505494505495,
      "f1": 0.999450247388675,
      "precision": 1.0,
      "recall_sensitivity": 0.9989010989010989,
      "specificity": 1.0,
      "ece": 0.030316954153334692,
      "tn": 674,
      "fp": 0,
      "fn": 1,
      "tp": 909,
      "auroc": 0.9997326116020478,
      "auprc": 0.9998321975975606
    },
    "sensitivity_90": {
      "selected_threshold": 0.14494416117668152,
      "threshold": 0.14494416117668152,
      "accuracy": 0.9993686868686869,
      "balanced_accuracy": 0.9994505494505495,
      "f1": 0.999450247388675,
      "precision": 1.0,
      "recall_sensitivity": 0.9989010989010989,
      "specificity": 1.0,
      "ece": 0.030316954153334692,
      "tn": 674,
      "fp": 0,
      "fn": 1,
      "tp": 909,
      "auroc": 0.9997326116020478,
      "auprc": 0.9998321975975606
    }
  },
  "test_at_validation_selected_thresholds": {
    "balanced_accuracy": {
      "threshold": 0.14494416117668152,
      "accuracy": 0.9823788546255506,
      "balanced_accuracy": 0.9808359398128483,
      "f1": 0.9844617092119867,
      "precision": 0.9757975797579758,
      "recall_sensitivity": 0.9932810750279956,
      "specificity": 0.9683908045977011,
      "ece": 0.02844302075293178,
      "tn": 674,
      "fp": 22,
      "fn": 6,
      "tp": 887,
      "auroc": 0.9981271962003321,
      "auprc": 0.9988899198621214
    },
    "f1": {
      "threshold": 0.14494416117668152,
      "accuracy": 0.9823788546255506,
      "balanced_accuracy": 0.9808359398128483,
      "f1": 0.9844617092119867,
      "precision": 0.9757975797579758,
      "recall_sensitivity": 0.9932810750279956,
      "specificity": 0.9683908045977011,
      "ece": 0.02844302075293178,
      "tn": 674,
      "fp": 22,
      "fn": 6,
      "tp": 887,
      "auroc": 0.9981271962003321,
      "auprc": 0.9988899198621214
    },
    "youden": {
      "threshold": 0.14494416117668152,
      "accuracy": 0.9823788546255506,
      "balanced_accuracy": 0.9808359398128483,
      "f1": 0.9844617092119867,
      "precision": 0.9757975797579758,
      "recall_sensitivity": 0.9932810750279956,
      "specificity": 0.9683908045977011,
      "ece": 0.02844302075293178,
      "tn": 674,
      "fp": 22,
      "fn": 6,
      "tp": 887,
      "auroc": 0.9981271962003321,
      "auprc": 0.9988899198621214
    },
    "sensitivity_90": {
      "threshold": 0.14494416117668152,
      "accuracy": 0.9823788546255506,
      "balanced_accuracy": 0.9808359398128483,
      "f1": 0.9844617092119867,
      "precision": 0.9757975797579758,
      "recall_sensitivity": 0.9932810750279956,
      "specificity": 0.9683908045977011,
      "ece": 0.02844302075293178,
      "tn": 674,
      "fp": 22,
      "fn": 6,
      "tp": 887,
      "auroc": 0.9981271962003321,
      "auprc": 0.9988899198621214
    }
  }
}