{
  "checkpoint": "runs/resnet18_supervised_phash_50pct_e25/best_model.pt",
  "split_csv": "metadata/splits_near_duplicate_aware_phash.csv",
  "validation_default": {
    "threshold": 0.5,
    "accuracy": 0.9993686868686869,
    "balanced_accuracy": 0.9994505494505495,
    "f1": 0.999450247388675,
    "precision": 1.0,
    "recall_sensitivity": 0.9989010989010989,
    "specificity": 1.0,
    "ece": 0.0017678914275774014,
    "tn": 674,
    "fp": 0,
    "fn": 1,
    "tp": 909,
    "auroc": 1.0,
    "auprc": 1.0
  },
  "test_default": {
    "threshold": 0.5,
    "accuracy": 0.9943360604153556,
    "balanced_accuracy": 0.9940099239294127,
    "f1": 0.994969256567915,
    "precision": 0.9933035714285714,
    "recall_sensitivity": 0.9966405375139977,
    "specificity": 0.9913793103448276,
    "ece": 0.00123875055473824,
    "tn": 690,
    "fp": 6,
    "fn": 3,
    "tp": 890,
    "auroc": 0.999070033852055,
    "auprc": 0.9994530602076279
  },
  "validation_selected": {
    "balanced_accuracy": {
      "selected_threshold": 0.43436399102211,
      "threshold": 0.43436399102211,
      "accuracy": 1.0,
      "balanced_accuracy": 1.0,
      "f1": 1.0,
      "precision": 1.0,
      "recall_sensitivity": 1.0,
      "specificity": 1.0,
      "ece": 0.0017678914275774014,
      "tn": 674,
      "fp": 0,
      "fn": 0,
      "tp": 910,
      "auroc": 1.0,
      "auprc": 1.0
    },
    "f1": {
      "selected_threshold": 0.43436399102211,
      "threshold": 0.43436399102211,
      "accuracy": 1.0,
      "balanced_accuracy": 1.0,
      "f1": 1.0,
      "precision": 1.0,
      "recall_sensitivity": 1.0,
      "specificity": 1.0,
      "ece": 0.0017678914275774014,
      "tn": 674,
      "fp": 0,
      "fn": 0,
      "tp": 910,
      "auroc": 1.0,
      "auprc": 1.0
    },
    "youden": {
      "selected_threshold": 0.43436399102211,
      "threshold": 0.43436399102211,
      "accuracy": 1.0,
      "balanced_accuracy": 1.0,
      "f1": 1.0,
      "precision": 1.0,
      "recall_sensitivity": 1.0,
      "specificity": 1.0,
      "ece": 0.0017678914275774014,
      "tn": 674,
      "fp": 0,
      "fn": 0,
      "tp": 910,
      "auroc": 1.0,
      "auprc": 1.0
    },
    "sensitivity_90": {
      "selected_threshold": 0.43436399102211,
      "threshold": 0.43436399102211,
      "accuracy": 1.0,
      "balanced_accuracy": 1.0,
      "f1": 1.0,
      "precision": 1.0,
      "recall_sensitivity": 1.0,
      "specificity": 1.0,
      "ece": 0.0017678914275774014,
      "tn": 674,
      "fp": 0,
      "fn": 0,
      "tp": 910,
      "auroc": 1.0,
      "auprc": 1.0
    }
  },
  "test_at_validation_selected_thresholds": {
    "balanced_accuracy": {
      "threshold": 0.43436399102211,
      "accuracy": 0.9905601006922593,
      "balanced_accuracy": 0.9896995791018264,
      "f1": 0.9916434540389972,
      "precision": 0.9866962305986696,
      "recall_sensitivity": 0.9966405375139977,
      "specificity": 0.9827586206896551,
      "ece": 0.00123875055473824,
      "tn": 684,
      "fp": 12,
      "fn": 3,
      "tp": 890,
      "auroc": 0.999070033852055,
      "auprc": 0.9994530602076279
    },
    "f1": {
      "threshold": 0.43436399102211,
      "accuracy": 0.9905601006922593,
      "balanced_accuracy": 0.9896995791018264,
      "f1": 0.9916434540389972,
      "precision": 0.9866962305986696,
      "recall_sensitivity": 0.9966405375139977,
      "specificity": 0.9827586206896551,
      "ece": 0.00123875055473824,
      "tn": 684,
      "fp": 12,
      "fn": 3,
      "tp": 890,
      "auroc": 0.999070033852055,
      "auprc": 0.9994530602076279
    },
    "youden": {
      "threshold": 0.43436399102211,
      "accuracy": 0.9905601006922593,
      "balanced_accuracy": 0.9896995791018264,
      "f1": 0.9916434540389972,
      "precision": 0.9866962305986696,
      "recall_sensitivity": 0.9966405375139977,
      "specificity": 0.9827586206896551,
      "ece": 0.00123875055473824,
      "tn": 684,
      "fp": 12,
      "fn": 3,
      "tp": 890,
      "auroc": 0.999070033852055,
      "auprc": 0.9994530602076279
    },
    "sensitivity_90": {
      "threshold": 0.43436399102211,
      "accuracy": 0.9905601006922593,
      "balanced_accuracy": 0.9896995791018264,
      "f1": 0.9916434540389972,
      "precision": 0.9866962305986696,
      "recall_sensitivity": 0.9966405375139977,
      "specificity": 0.9827586206896551,
      "ece": 0.00123875055473824,
      "tn": 684,
      "fp": 12,
      "fn": 3,
      "tp": 890,
      "auroc": 0.999070033852055,
      "auprc": 0.9994530602076279
    }
  }
}