{
  "checkpoint": "runs/byol_resnet18_phash_e25_finetune_50pct_seed7_e10/best_model.pt",
  "split_csv": "metadata/splits_near_duplicate_aware_phash.csv",
  "validation_default": {
    "threshold": 0.5,
    "accuracy": 0.9962121212121212,
    "balanced_accuracy": 0.9967032967032967,
    "f1": 0.9966923925027563,
    "precision": 1.0,
    "recall_sensitivity": 0.9934065934065934,
    "specificity": 1.0,
    "ece": 0.03618242908175092,
    "tn": 674,
    "fp": 0,
    "fn": 6,
    "tp": 904,
    "auroc": 0.9996119607395572,
    "auprc": 0.9997542364771059
  },
  "test_default": {
    "threshold": 0.5,
    "accuracy": 0.9848961611076148,
    "balanced_accuracy": 0.9833925422507112,
    "f1": 0.9866814650388457,
    "precision": 0.977997799779978,
    "recall_sensitivity": 0.9955207166853304,
    "specificity": 0.9712643678160919,
    "ece": 0.03838684669589705,
    "tn": 676,
    "fp": 20,
    "fn": 4,
    "tp": 889,
    "auroc": 0.9976380790567762,
    "auprc": 0.9987053994554012
  },
  "validation_selected": {
    "balanced_accuracy": {
      "selected_threshold": 0.46484896540641785,
      "threshold": 0.46484896540641785,
      "accuracy": 0.9974747474747475,
      "balanced_accuracy": 0.9978021978021978,
      "f1": 0.9977973568281938,
      "precision": 1.0,
      "recall_sensitivity": 0.9956043956043956,
      "specificity": 1.0,
      "ece": 0.03618242908175092,
      "tn": 674,
      "fp": 0,
      "fn": 4,
      "tp": 906,
      "auroc": 0.9996119607395572,
      "auprc": 0.9997542364771059
    },
    "f1": {
      "selected_threshold": 0.46484896540641785,
      "threshold": 0.46484896540641785,
      "accuracy": 0.9974747474747475,
      "balanced_accuracy": 0.9978021978021978,
      "f1": 0.9977973568281938,
      "precision": 1.0,
      "recall_sensitivity": 0.9956043956043956,
      "specificity": 1.0,
      "ece": 0.03618242908175092,
      "tn": 674,
      "fp": 0,
      "fn": 4,
      "tp": 906,
      "auroc": 0.9996119607395572,
      "auprc": 0.9997542364771059
    },
    "youden": {
      "selected_threshold": 0.46484896540641785,
      "threshold": 0.46484896540641785,
      "accuracy": 0.9974747474747475,
      "balanced_accuracy": 0.9978021978021978,
      "f1": 0.9977973568281938,
      "precision": 1.0,
      "recall_sensitivity": 0.9956043956043956,
      "specificity": 1.0,
      "ece": 0.03618242908175092,
      "tn": 674,
      "fp": 0,
      "fn": 4,
      "tp": 906,
      "auroc": 0.9996119607395572,
      "auprc": 0.9997542364771059
    },
    "sensitivity_90": {
      "selected_threshold": 0.46484896540641785,
      "threshold": 0.46484896540641785,
      "accuracy": 0.9974747474747475,
      "balanced_accuracy": 0.9978021978021978,
      "f1": 0.9977973568281938,
      "precision": 1.0,
      "recall_sensitivity": 0.9956043956043956,
      "specificity": 1.0,
      "ece": 0.03618242908175092,
      "tn": 674,
      "fp": 0,
      "fn": 4,
      "tp": 906,
      "auroc": 0.9996119607395572,
      "auprc": 0.9997542364771059
    }
  },
  "test_at_validation_selected_thresholds": {
    "balanced_accuracy": {
      "threshold": 0.46484896540641785,
      "accuracy": 0.9848961611076148,
      "balanced_accuracy": 0.9833925422507112,
      "f1": 0.9866814650388457,
      "precision": 0.977997799779978,
      "recall_sensitivity": 0.9955207166853304,
      "specificity": 0.9712643678160919,
      "ece": 0.03838684669589705,
      "tn": 676,
      "fp": 20,
      "fn": 4,
      "tp": 889,
      "auroc": 0.9976380790567762,
      "auprc": 0.9987053994554012
    },
    "f1": {
      "threshold": 0.46484896540641785,
      "accuracy": 0.9848961611076148,
      "balanced_accuracy": 0.9833925422507112,
      "f1": 0.9866814650388457,
      "precision": 0.977997799779978,
      "recall_sensitivity": 0.9955207166853304,
      "specificity": 0.9712643678160919,
      "ece": 0.03838684669589705,
      "tn": 676,
      "fp": 20,
      "fn": 4,
      "tp": 889,
      "auroc": 0.9976380790567762,
      "auprc": 0.9987053994554012
    },
    "youden": {
      "threshold": 0.46484896540641785,
      "accuracy": 0.9848961611076148,
      "balanced_accuracy": 0.9833925422507112,
      "f1": 0.9866814650388457,
      "precision": 0.977997799779978,
      "recall_sensitivity": 0.9955207166853304,
      "specificity": 0.9712643678160919,
      "ece": 0.03838684669589705,
      "tn": 676,
      "fp": 20,
      "fn": 4,
      "tp": 889,
      "auroc": 0.9976380790567762,
      "auprc": 0.9987053994554012
    },
    "sensitivity_90": {
      "threshold": 0.46484896540641785,
      "accuracy": 0.9848961611076148,
      "balanced_accuracy": 0.9833925422507112,
      "f1": 0.9866814650388457,
      "precision": 0.977997799779978,
      "recall_sensitivity": 0.9955207166853304,
      "specificity": 0.9712643678160919,
      "ece": 0.03838684669589705,
      "tn": 676,
      "fp": 20,
      "fn": 4,
      "tp": 889,
      "auroc": 0.9976380790567762,
      "auprc": 0.9987053994554012
    }
  }
}