{
  "checkpoint": "runs/resnet18_supervised_phash_10pct_seed123_e10/best_model.pt",
  "split_csv": "metadata/splits_near_duplicate_aware_phash.csv",
  "validation_default": {
    "threshold": 0.5,
    "accuracy": 0.9747474747474747,
    "balanced_accuracy": 0.971095966348192,
    "f1": 0.978401727861771,
    "precision": 0.9617834394904459,
    "recall_sensitivity": 0.9956043956043956,
    "specificity": 0.9465875370919882,
    "ece": 0.03428293478848193,
    "tn": 638,
    "fp": 36,
    "fn": 4,
    "tp": 906,
    "auroc": 0.9997489157726547,
    "auprc": 0.9998214465220477
  },
  "test_default": {
    "threshold": 0.5,
    "accuracy": 0.9817495280050346,
    "balanced_accuracy": 0.9796421078374586,
    "f1": 0.9839690436705362,
    "precision": 0.9716157205240175,
    "recall_sensitivity": 0.9966405375139977,
    "specificity": 0.9626436781609196,
    "ece": 0.031071936179997425,
    "tn": 670,
    "fp": 26,
    "fn": 3,
    "tp": 890,
    "auroc": 0.9989541903180549,
    "auprc": 0.9993457205953722
  },
  "validation_selected": {
    "balanced_accuracy": {
      "selected_threshold": 0.6990219354629517,
      "threshold": 0.6990219354629517,
      "accuracy": 0.9974747474747475,
      "balanced_accuracy": 0.9978021978021978,
      "f1": 0.9977973568281938,
      "precision": 1.0,
      "recall_sensitivity": 0.9956043956043956,
      "specificity": 1.0,
      "ece": 0.03428293478848193,
      "tn": 674,
      "fp": 0,
      "fn": 4,
      "tp": 906,
      "auroc": 0.9997489157726547,
      "auprc": 0.9998214465220477
    },
    "f1": {
      "selected_threshold": 0.6990219354629517,
      "threshold": 0.6990219354629517,
      "accuracy": 0.9974747474747475,
      "balanced_accuracy": 0.9978021978021978,
      "f1": 0.9977973568281938,
      "precision": 1.0,
      "recall_sensitivity": 0.9956043956043956,
      "specificity": 1.0,
      "ece": 0.03428293478848193,
      "tn": 674,
      "fp": 0,
      "fn": 4,
      "tp": 906,
      "auroc": 0.9997489157726547,
      "auprc": 0.9998214465220477
    },
    "youden": {
      "selected_threshold": 0.6990219354629517,
      "threshold": 0.6990219354629517,
      "accuracy": 0.9974747474747475,
      "balanced_accuracy": 0.9978021978021978,
      "f1": 0.9977973568281938,
      "precision": 1.0,
      "recall_sensitivity": 0.9956043956043956,
      "specificity": 1.0,
      "ece": 0.03428293478848193,
      "tn": 674,
      "fp": 0,
      "fn": 4,
      "tp": 906,
      "auroc": 0.9997489157726547,
      "auprc": 0.9998214465220477
    },
    "sensitivity_90": {
      "selected_threshold": 0.6990219354629517,
      "threshold": 0.6990219354629517,
      "accuracy": 0.9974747474747475,
      "balanced_accuracy": 0.9978021978021978,
      "f1": 0.9977973568281938,
      "precision": 1.0,
      "recall_sensitivity": 0.9956043956043956,
      "specificity": 1.0,
      "ece": 0.03428293478848193,
      "tn": 674,
      "fp": 0,
      "fn": 4,
      "tp": 906,
      "auroc": 0.9997489157726547,
      "auprc": 0.9998214465220477
    }
  },
  "test_at_validation_selected_thresholds": {
    "balanced_accuracy": {
      "threshold": 0.6990219354629517,
      "accuracy": 0.9924480805538074,
      "balanced_accuracy": 0.9920132319058836,
      "f1": 0.9932960893854749,
      "precision": 0.9910813823857302,
      "recall_sensitivity": 0.9955207166853304,
      "specificity": 0.9885057471264368,
      "ece": 0.031071936179997425,
      "tn": 688,
      "fp": 8,
      "fn": 4,
      "tp": 889,
      "auroc": 0.9989541903180549,
      "auprc": 0.9993457205953722
    },
    "f1": {
      "threshold": 0.6990219354629517,
      "accuracy": 0.9924480805538074,
      "balanced_accuracy": 0.9920132319058836,
      "f1": 0.9932960893854749,
      "precision": 0.9910813823857302,
      "recall_sensitivity": 0.9955207166853304,
      "specificity": 0.9885057471264368,
      "ece": 0.031071936179997425,
      "tn": 688,
      "fp": 8,
      "fn": 4,
      "tp": 889,
      "auroc": 0.9989541903180549,
      "auprc": 0.9993457205953722
    },
    "youden": {
      "threshold": 0.6990219354629517,
      "accuracy": 0.9924480805538074,
      "balanced_accuracy": 0.9920132319058836,
      "f1": 0.9932960893854749,
      "precision": 0.9910813823857302,
      "recall_sensitivity": 0.9955207166853304,
      "specificity": 0.9885057471264368,
      "ece": 0.031071936179997425,
      "tn": 688,
      "fp": 8,
      "fn": 4,
      "tp": 889,
      "auroc": 0.9989541903180549,
      "auprc": 0.9993457205953722
    },
    "sensitivity_90": {
      "threshold": 0.6990219354629517,
      "accuracy": 0.9924480805538074,
      "balanced_accuracy": 0.9920132319058836,
      "f1": 0.9932960893854749,
      "precision": 0.9910813823857302,
      "recall_sensitivity": 0.9955207166853304,
      "specificity": 0.9885057471264368,
      "ece": 0.031071936179997425,
      "tn": 688,
      "fp": 8,
      "fn": 4,
      "tp": 889,
      "auroc": 0.9989541903180549,
      "auprc": 0.9993457205953722
    }
  }
}