{
  "checkpoint": "runs/byol_resnet18_phash_e25_finetune_10pct_e10/best_model.pt",
  "split_csv": "metadata/splits_near_duplicate_aware_phash.csv",
  "validation_default": {
    "threshold": 0.5,
    "accuracy": 0.9722222222222222,
    "balanced_accuracy": 0.9746698405452114,
    "f1": 0.9753914988814317,
    "precision": 0.9931662870159453,
    "recall_sensitivity": 0.9582417582417583,
    "specificity": 0.9910979228486647,
    "ece": 0.06248176462285107,
    "tn": 668,
    "fp": 6,
    "fn": 38,
    "tp": 872,
    "auroc": 0.9968663384093651,
    "auprc": 0.997815790986334
  },
  "test_default": {
    "threshold": 0.5,
    "accuracy": 0.9836375078665828,
    "balanced_accuracy": 0.9841744861052117,
    "f1": 0.9853603603603603,
    "precision": 0.9909399773499433,
    "recall_sensitivity": 0.9798432250839866,
    "specificity": 0.9885057471264368,
    "ece": 0.08108757793331312,
    "tn": 688,
    "fp": 8,
    "fn": 18,
    "tp": 875,
    "auroc": 0.9972101015561649,
    "auprc": 0.9982753267563631
  },
  "validation_selected": {
    "balanced_accuracy": {
      "selected_threshold": 0.5368576049804688,
      "threshold": 0.5368576049804688,
      "accuracy": 0.9728535353535354,
      "balanced_accuracy": 0.9763736263736263,
      "f1": 0.975801913337085,
      "precision": 1.0,
      "recall_sensitivity": 0.9527472527472527,
      "specificity": 1.0,
      "ece": 0.06248176462285107,
      "tn": 674,
      "fp": 0,
      "fn": 43,
      "tp": 867,
      "auroc": 0.9968663384093651,
      "auprc": 0.997815790986334
    },
    "f1": {
      "selected_threshold": 0.4697079658508301,
      "threshold": 0.4697079658508301,
      "accuracy": 0.9741161616161617,
      "balanced_accuracy": 0.9763181921935631,
      "f1": 0.977107761027359,
      "precision": 0.9931895573212258,
      "recall_sensitivity": 0.9615384615384616,
      "specificity": 0.9910979228486647,
      "ece": 0.06248176462285107,
      "tn": 668,
      "fp": 6,
      "fn": 35,
      "tp": 875,
      "auroc": 0.9968663384093651,
      "auprc": 0.997815790986334
    },
    "youden": {
      "selected_threshold": 0.5368576049804688,
      "threshold": 0.5368576049804688,
      "accuracy": 0.9728535353535354,
      "balanced_accuracy": 0.9763736263736263,
      "f1": 0.975801913337085,
      "precision": 1.0,
      "recall_sensitivity": 0.9527472527472527,
      "specificity": 1.0,
      "ece": 0.06248176462285107,
      "tn": 674,
      "fp": 0,
      "fn": 43,
      "tp": 867,
      "auroc": 0.9968663384093651,
      "auprc": 0.997815790986334
    },
    "sensitivity_90": {
      "selected_threshold": 0.5368576049804688,
      "threshold": 0.5368576049804688,
      "accuracy": 0.9728535353535354,
      "balanced_accuracy": 0.9763736263736263,
      "f1": 0.975801913337085,
      "precision": 1.0,
      "recall_sensitivity": 0.9527472527472527,
      "specificity": 1.0,
      "ece": 0.06248176462285107,
      "tn": 674,
      "fp": 0,
      "fn": 43,
      "tp": 867,
      "auroc": 0.9968663384093651,
      "auprc": 0.997815790986334
    }
  },
  "test_at_validation_selected_thresholds": {
    "balanced_accuracy": {
      "threshold": 0.5368576049804688,
      "accuracy": 0.9817495280050346,
      "balanced_accuracy": 0.9824947548622105,
      "f1": 0.9836435420191766,
      "precision": 0.990909090909091,
      "recall_sensitivity": 0.9764837625979843,
      "specificity": 0.9885057471264368,
      "ece": 0.08108757793331312,
      "tn": 688,
      "fp": 8,
      "fn": 21,
      "tp": 872,
      "auroc": 0.9972101015561649,
      "auprc": 0.9982753267563631
    },
    "f1": {
      "threshold": 0.4697079658508301,
      "accuracy": 0.9874134675896791,
      "balanced_accuracy": 0.9875339485912139,
      "f1": 0.9887766554433222,
      "precision": 0.9910011248593926,
      "recall_sensitivity": 0.986562150055991,
      "specificity": 0.9885057471264368,
      "ece": 0.08108757793331312,
      "tn": 688,
      "fp": 8,
      "fn": 12,
      "tp": 881,
      "auroc": 0.9972101015561649,
      "auprc": 0.9982753267563631
    },
    "youden": {
      "threshold": 0.5368576049804688,
      "accuracy": 0.9817495280050346,
      "balanced_accuracy": 0.9824947548622105,
      "f1": 0.9836435420191766,
      "precision": 0.990909090909091,
      "recall_sensitivity": 0.9764837625979843,
      "specificity": 0.9885057471264368,
      "ece": 0.08108757793331312,
      "tn": 688,
      "fp": 8,
      "fn": 21,
      "tp": 872,
      "auroc": 0.9972101015561649,
      "auprc": 0.9982753267563631
    },
    "sensitivity_90": {
      "threshold": 0.5368576049804688,
      "accuracy": 0.9817495280050346,
      "balanced_accuracy": 0.9824947548622105,
      "f1": 0.9836435420191766,
      "precision": 0.990909090909091,
      "recall_sensitivity": 0.9764837625979843,
      "specificity": 0.9885057471264368,
      "ece": 0.08108757793331312,
      "tn": 688,
      "fp": 8,
      "fn": 21,
      "tp": 872,
      "auroc": 0.9972101015561649,
      "auprc": 0.9982753267563631
    }
  }
}