run_id,auroc,auroc_ci_low,auroc_ci_high,auprc,auprc_ci_low,auprc_ci_high
resnet18_supervised_phash_10pct_e10,0.9988737434194436,0.9967278328134248,0.9999566278603466,0.9994484161515635,0.99844242531996,0.9999678473215184
resnet18_supervised_phash_50pct_e5,0.999481921972944,0.9987332250118386,1.0,0.9996483219465856,0.9991509280259266,1.0
simclr_resnet18_phash_e25_finetune_10pct_e10,0.9974804031354984,0.9947222431285638,0.9993889092341676,0.9985376133176171,0.9970993870830348,0.9995820482690462
simclr_resnet18_phash_e25_finetune_50pct_e10,0.9990829053558328,0.9979930795347656,0.9999144768807384,0.9993938917470722,0.9986941579619112,0.9999393774611464
simclr_resnet18_phash_e25_finetune_50pct_e25,0.9991730058822772,0.9980846705970056,1.0,0.9994671328277482,0.998755930269215,1.0
