run_id,brier_score,ece
resnet18_supervised_phash_50pct_e5,0.0042811421277036,0.0073174248024613
simclr_resnet18_phash_e25_finetune_50pct_e25,0.0049134543553548,0.0048938289369891
resnet18_supervised_phash_10pct_e10,0.0127593994833468,0.017786435360629
simclr_resnet18_phash_e25_finetune_50pct_e10,0.0214944070983563,0.0123159457003971
simclr_resnet18_phash_e25_finetune_10pct_e10,0.0236721530054331,0.0486331291079446
