run_id,selected_accuracy,selected_accuracy_ci_low,selected_accuracy_ci_high,selected_sensitivity,selected_sensitivity_ci_low,selected_sensitivity_ci_high,selected_specificity,selected_specificity_ci_low,selected_specificity_ci_high
byol_resnet18_phash_e25_finetune_50pct_e10,0.9937067337948396,0.9884539572591102,0.9965780760579503,0.9955207166853304,0.988539545527058,0.998256785062424,0.9913793103448276,0.9813207237453888,0.9960432969130004
resnet18_supervised_phash_50pct_e5,0.998112020138452,0.994463631809454,0.999357724940646,0.9966405375139976,0.9901695220913032,0.9988568567029004,1.0,0.994510757862922,0.9999999999999998
simclr_resnet18_phash_e25_finetune_50pct_e10,0.9924480805538074,0.9868460263781876,0.99567477167229,0.9955207166853304,0.988539545527058,0.998256785062424,0.9885057471264368,0.97748395138645,0.9941644902037612
simclr_resnet18_phash_e25_finetune_50pct_e25,0.9842668344870988,0.9768769709043876,0.9893207979133029,0.9966405375139976,0.9901695220913032,0.9988568567029004,0.9683908045977012,0.9526046795436603,0.9790347085693069
